SALE TYPE,SOLD DATE,PROPERTY TYPE,ADDRESS,CITY,STATE,ZIP,PRICE,BEDS,BATHS,LOCATION,SQUARE FEET,LOT SIZE,YEAR BUILT,DAYS ON MARKET,$/SQUARE FEET,HOA/MONTH,STATUS,NEXT OPEN HOUSE START TIME,NEXT OPEN HOUSE END TIME,URL (SEE http://www.redfin.com/buy-a-home/comparative-market-analysis FOR INFO ON PRICING),SOURCE,MLS#,FAVORITE,INTERESTED,LATITUDE,LONGITUDE
PAST SALE,February-22-2017,Single Family Residential,2706 LABECCA Ct,Pleasanton,CA,94588,882000,3,2.5,Stoneridge Place,1614,2775,1998,11,546,167,Sold,,,http://www.redfin.com/CA/Pleasanton/2706-Labecca-Ct-94588/home/1204498,EBRD/CCAR/Bay East,40768501,N,Y,37.69256,-121.859294
PAST SALE,February-21-2017,Single Family Residential,2629 TH Ave,Oakland,CA,94605,295000,3,2.0,Oakland,910,2483,1941,12,324,,Sold,,,http://www.redfin.com/CA/Oakland/2629-TH-Ave-94605/home/108466934,EBRD/CCAR/Bay East,40677902,N,Y,37.7554905,-122.1462193
PAST SALE,February-27-2017,Condo/Co-op,555 pierce #709,Albany,CA,94706,470000,1,2.0,Gateview,1040,,1977,6,452,614,Sold,,,http://www.redfin.com/CA/Albany/555-Pierce-St-94706/unit-709/home/112970896,EBRD/CCAR/Bay East,40768292,N,Y,37.8945487,-122.3066101
PAST SALE,February-22-2017,Single Family Residential,3918 Yale Way,Livermore,CA,94550,610000,3,1.0,Jensen Tract,1108,5852,1955,11,551,,Sold,,,http://www.redfin.com/CA/Livermore/3918-Yale-Way-94550/home/1885888,EBRD/CCAR/Bay East,40767100,N,Y,37.6837821,-121.7511093
PAST SALE,February-16-2017,Townhouse,147 Northwood Cmns,Livermore,CA,94551,590000,3,2.5,Northwood,1618,2608,1984,17,365,332,Sold,,,http://www.redfin.com/CA/Livermore/147-Northwood-Commons-94551/home/2015854,EBRD/CCAR/Bay East,40767157,N,Y,37.681326,-121.789247
PAST SALE,February-16-2017,Single Family Residential,1554 Fir Ave,San Leandro,CA,94578,480000,4,2.0,Downtown Area,,6000,1937,17,,,Sold,,,http://www.redfin.com/CA/San-Leandro/1554-Fir-Ave-94578/home/1960524,EBRD/CCAR/Bay East,40765414,N,Y,37.7067344,-122.1261968
PAST SALE,February-28-2017,Single Family Residential,2391 Haile St,Alameda,CA,94501,1050000,4,2.5,Alameda,2361,3124,2006,5,445,145,Sold,,,http://www.redfin.com/CA/Alameda/2391-Haile-St-94501/home/12114529,EBRD/CCAR/Bay East,40767081,N,Y,37.7836571,-122.2833072
PAST SALE,February-22-2017,Single Family Residential,5508 Shorehaven Cir,Livermore,CA,94551,635000,3,2.0,North Livermore,1178,6664,1976,11,539,,Sold,,,http://www.redfin.com/CA/Livermore/5508-Shorehaven-Cir-94551/home/924533,EBRD/CCAR/Bay East,40767804,N,Y,37.7251886,-121.7322953
PAST SALE,March-1-2017,Single Family Residential,1551 Hampel St,Oakland,CA,94602,1160000,3,1.0,Glenview,1701,5600,1928,4,682,,Sold,,,http://www.redfin.com/CA/Oakland/1551-Hampel-St-94602/home/535325,EBRD/CCAR/Bay East,40768340,N,Y,37.8050903,-122.2195558
PAST SALE,February-17-2017,Condo/Co-op,438 W Grand Ave #522,Oakland,CA,94612,810000,2,2.0,Uptown,1388,,2008,16,584,530,Sold,,,http://www.redfin.com/CA/Oakland/438-W-Grand-Ave-94612/unit-522/home/22653391,EBRD/CCAR/Bay East,40758560,N,Y,37.8118317,-122.267668
PAST SALE,February-28-2017,Single Family Residential,8508 Valencia St,Dublin,CA,94568,688000,3,2.0,Dublin,1321,7200,1961,5,521,,Sold,,,http://www.redfin.com/CA/Dublin/8508-Valencia-St-94568/home/1161528,EBRD/CCAR/Bay East,40768123,N,Y,37.719019,-121.93977
PAST SALE,February-20-2017,Townhouse,7642 Arbor Creek Cir,Dublin,CA,94568,630000,3,2.5,Arbor Creek,1200,2101,1986,13,525,225,Sold,,,http://www.redfin.com/CA/Dublin/7642-Arbor-Creek-Cir-94568/home/1529791,EBRD/CCAR/Bay East,40767347,N,Y,37.707268,-121.938151
PAST SALE,February-17-2017,Single Family Residential,923 Arguello Dr,San Leandro,CA,94578,585000,3,1.0,Floresta,1114,5700,1954,16,525,,Sold,,,http://www.redfin.com/CA/San-Leandro/923-Arguello-Dr-94578/home/714911,EBRD/CCAR/Bay East,40768854,N,Y,37.700986,-122.149794
PAST SALE,February-28-2017,Single Family Residential,316 Selby Ln,Livermore,CA,94551,730000,3,3.0,Livermore,1603,1815,2014,5,455,150,Sold,,,http://www.redfin.com/CA/Livermore/316-Selby-Ln-94551/home/22656760,EBRD/CCAR/Bay East,40768381,N,Y,37.7089186,-121.8009243
PAST SALE,February-7-2017,Single Family Residential,7835 Ridgeline Pl,Dublin,CA,94568,1450000,5,4.5,Schaefer Ranch,4184,8587,2011,26,347,108,Sold,,,http://www.redfin.com/CA/Dublin/7835-Ridgeline-Pl-94568/home/17184085,EBRD/CCAR/Bay East,40766709,N,Y,37.7061009,-121.973001
PAST SALE,February-28-2017,Single Family Residential,1887 Tunnel Rd,Berkeley,CA,94705,1788000,4,3.5,Claremont Hills,,6175,2017,5,,,Sold,,,http://www.redfin.com/CA/Berkeley/1887-Tunnel-Rd-94705/home/22694631,EBRD/CCAR/Bay East,40767296,N,Y,37.858295,-122.222454
PAST SALE,,Townhouse,6544 Bantry Bay St,Dublin,CA,94568,833000,4,3.0,,2372,,2013,,351,,,,,http://www.redfin.com/CA/Dublin/6544-Bantry-Bay-St-94568/home/57180380,,,N,Y,37.7055805,-121.9113314
PAST SALE,February-8-2017,Condo/Co-op,6211 Telegraph Ave #4,Oakland,CA,94609,474000,2,1.5,Berkeley Border,933,,1985,25,508,295,Sold,,,http://www.redfin.com/CA/Oakland/6211-Telegraph-Ave-94609/unit-4/home/531475,EBRD/CCAR/Bay East,40756519,N,Y,37.848145,-122.261158
PAST SALE,,Condo/Co-op,200 Lakeside Dr Apt 504,Oakland,CA,94612,1305000,2,2.0,,1585,,1924,,823,,,,,http://www.redfin.com/CA/Oakland/200-Lakeside-Dr-94612/unit-504/home/1880014,,,N,Y,37.805871,-122.2632129
PAST SALE,February-8-2017,Single Family Residential,3996 Stanford Way,Livermore,CA,94550,551000,3,1.0,Jensen,951,5196,1954,25,579,,Sold,,,http://www.redfin.com/CA/Livermore/3996-Stanford-Way-94550/home/1178310,EBRD/CCAR/Bay East,40767793,N,Y,37.683017,-121.748628
PAST SALE,,Multi-Family (2-4 Unit),2536 Grove Way,Hayward,CA,94546,1415000,10,7.0,,3379,6012,1964,,419,,,,,http://www.redfin.com/CA/Hayward/2536-Grove-Way-94546/home/1634236,,,N,Y,37.6862179,-122.070515
PAST SALE,February-8-2017,Multi-Family (2-4 Unit),925 E 11Th St,Oakland,CA,94606,680000,7,4.0,Oakland,2265,6750,1897,25,300,,Sold,,,http://www.redfin.com/CA/Oakland/925-E-11th-St-94606/home/1397925,EBRD/CCAR/Bay East,40761947,N,Y,37.790945,-122.252326
PAST SALE,,Vacant Land,23830 Saklan Rd,Hayward,CA,94545,721500,,,,,1806,,,,,,,,http://www.redfin.com/CA/Hayward/23830-Saklan-Rd-94545/home/112886668,,,N,Y,37.647328,-122.11769
PAST SALE,February-8-2017,Townhouse,2354 Claridge Pl,San Leandro,CA,94577,492000,3,3.0,Sandpiper,1659,2148,1977,25,297,337,Sold,,,http://www.redfin.com/CA/San-Leandro/2354-Claridge-Pl-94577/home/1804732,EBRD/CCAR/Bay East,40761875,N,Y,37.7169915,-122.1479107
PAST SALE,February-8-2017,Condo/Co-op,25850 Kay Ave #124,Hayward,CA,94545,275000,1,1.0,Hayward,748,,1989,25,368,415,Sold,,,http://www.redfin.com/CA/Hayward/25850-Kay-Ave-94545/unit-124/home/1316357,EBRD/CCAR/Bay East,40764940,N,Y,37.6411484,-122.0973974
PAST SALE,February-7-2017,Single Family Residential,5506 Springvale Dr,Dublin,CA,94568,1087000,4,3.0,Dublin Ranch,2600,3511,2000,26,418,120,Sold,,,http://www.redfin.com/CA/Dublin/5506-Springvale-Dr-94568/home/1374181,EBRD/CCAR/Bay East,40766302,N,Y,37.717596,-121.871083
PAST SALE,February-8-2017,Single Family Residential,131 Nadine St,Livermore,CA,94550,690000,4,2.0,Sunset West,1554,7873,1971,25,444,,Sold,,,http://www.redfin.com/CA/Livermore/131-Nadine-St-94550/home/1885092,EBRD/CCAR/Bay East,40765845,N,Y,37.676243,-121.793669
PAST SALE,February-17-2017,Single Family Residential,1308 9th St,Alameda,CA,94501-3954,680000,2,1.0,Alameda,1228,3000,1900,16,554,,Sold,,,http://www.redfin.com/CA/Alameda/1308-9th-St-94501/home/1360165,EBRD/CCAR/Bay East,40768276,N,Y,37.7706609,-122.27028
PAST SALE,February-17-2017,Single Family Residential,1057 Island Dr,Alameda,CA,94502,840000,3,2.0,Bay Farm,1260,5000,1965,16,667,,Sold,,,http://www.redfin.com/CA/Alameda/1057-Island-Dr-94502/home/735500,EBRD/CCAR/Bay East,40766799,N,Y,37.7338876,-122.2416381
PAST SALE,February-17-2017,Condo/Co-op,6400 Christie #5421,Emeryville,CA,94608,620000,2,2.0,Emeryville,,,1988,16,,399,Sold,,,http://www.redfin.com/CA/Emeryville/6400-Christie-Ave-94608/unit-5421/home/1656527,EBRD/CCAR/Bay East,40770693,N,Y,37.845051,-122.295366
PAST SALE,February-17-2017,Single Family Residential,1300 Benedict Dr,San Leandro,CA,94577,878000,5,4.5,Bay O Vista,3727,6970,1939,16,236,,Sold,,,http://www.redfin.com/CA/San-Leandro/1300-Benedict-Dr-94577/home/1369779,EBRD/CCAR/Bay East,40761606,N,Y,37.7297326,-122.1377412
PAST SALE,February-27-2017,Single Family Residential,4645 Black Ave,Pleasanton,CA,94566,1015000,3,3.5,Pleasanton Vally,2277,7150,1966,6,446,,Sold,,,http://www.redfin.com/CA/Pleasanton/4645-Black-Ave-94566/home/2012808,EBRD/CCAR/Bay East,40770938,N,Y,37.6724524,-121.8795259
PAST SALE,February-14-2017,Condo/Co-op,7765 Canyon Meadow Cir Unit E,Pleasanton,CA,94588,515000,2,2.0,Canyon Meadows,1043,,1991,19,494,445,Sold,,,http://www.redfin.com/CA/Pleasanton/7765-Canyon-Meadows-Cir-94588/unit-E/home/103460359,EBRD/CCAR/Bay East,40767115,N,Y,37.6972662,-121.9509462
PAST SALE,March-1-2017,Townhouse,18 Starview Dr,Oakland,CA,94618,1175000,2,3.0,Hiller Highlands,2252,2464,1994,4,522,186,Sold,,,http://www.redfin.com/CA/Oakland/18-Starview-Dr-94618/home/626561,EBRD/CCAR/Bay East,40768160,N,Y,37.852148,-122.2282263
PAST SALE,February-28-2017,Single Family Residential,421 Wall Ct,Livermore,CA,94550,676000,3,2.0,Sunset West,1136,9587,1964,5,595,,Sold,,,http://www.redfin.com/CA/Livermore/421-Wall-Ct-94550/home/1822259,EBRD/CCAR/Bay East,40768331,N,Y,37.6723171,-121.7908059
PAST SALE,February-22-2017,Townhouse,688 Mesa Cir,Hayward,CA,94541,566000,3,3.0,Hayward,1434,1692,2003,11,395,195,Sold,,,http://www.redfin.com/CA/Hayward/688-Mesa-Cir-94541/home/1539901,EBRD/CCAR/Bay East,40767685,N,Y,37.6669062,-122.0853368
PAST SALE,February-23-2017,Condo/Co-op,1409 Pullman,Oakland,CA,94607,702855,2,2.5,West Oak,1644,,2016,10,428,240,Sold,,,http://www.redfin.com/CA/Oakland/1409-Pullman-94607/home/106094566,EBRD/CCAR/Bay East,40743265,N,Y,37.8134679,-122.307917
PAST SALE,February-16-2017,Condo/Co-op,7670 Canyon Meadow Cir Unit D,Pleasanton,CA,94588,412000,1,1.0,Canyon Meadows,790,,1991,17,522,374,Sold,,,http://www.redfin.com/CA/Pleasanton/7670-Canyon-Meadows-Cir-94588/unit-D/home/1985432,EBRD/CCAR/Bay East,40767890,N,Y,37.697368,-121.9481943
PAST SALE,February-13-2017,Single Family Residential,4918 Sutter Gate Ave,Pleasanton,CA,94566,1100000,4,2.5,The Gates,2125,8200,1976,20,518,,Sold,,,http://www.redfin.com/CA/Pleasanton/4918-Sutter-Gate-Ave-94566/home/1530686,EBRD/CCAR/Bay East,40767847,N,Y,37.685983,-121.885948
PAST SALE,February-23-2017,Single Family Residential,981 Hollice Ln,Livermore,CA,94550,801000,4,2.5,Windmill Srpings,2055,5500,1996,10,390,,Sold,,,http://www.redfin.com/CA/Livermore/981-Hollice-Ln-94550/home/919963,EBRD/CCAR/Bay East,40767760,N,Y,37.685318,-121.733378
PAST SALE,February-13-2017,Single Family Residential,3588 Germaine Way,Livermore,CA,94550,650000,3,1.0,Jensen Tract,1038,5167,1953,20,626,,Sold,,,http://www.redfin.com/CA/Livermore/3588-Germaine-Way-94550/home/1131177,EBRD/CCAR/Bay East,40768328,N,Y,37.685014,-121.7572043
PAST SALE,February-22-2017,Single Family Residential,9012 PALMERA Ct,Oakland,CA,94603,370000,4,3.0,East Oakland,1373,3006,2002,11,269,70,Sold,,,http://www.redfin.com/CA/Oakland/9012-Palmera-Ct-94603/home/1214473,EBRD/CCAR/Bay East,40758660,N,Y,37.7552362,-122.1614704
PAST SALE,,Single Family Residential,2985 Barrett St,OAKLAND,CA,94605,,2,1.0,,986,4321,1941,,,,Sold,,,http://www.redfin.com/CA/Oakland/2985-Barrett-St-94605/home/1341766,MLSListings,,N,Y,37.744986,-122.146289
PAST SALE,February-23-2017,Single Family Residential,1701 78Th Ave,Oakland,CA,94621,338000,2,1.0,East Oakland,1023,3450,1928,10,330,,Sold,,,http://www.redfin.com/CA/Oakland/1701-78th-Ave-94621/home/1547156,EBRD/CCAR/Bay East,40763110,N,Y,37.760793,-122.17885
PAST SALE,February-16-2017,Single Family Residential,5056 Woodthrush Rd,Pleasanton,CA,94566,1334000,4,2.0,Birdland,2167,7665,1968,17,616,,Sold,,,http://www.redfin.com/CA/Pleasanton/5056-Woodthrush-Rd-94566/home/1194741,EBRD/CCAR/Bay East,40767863,N,Y,37.680639,-121.885109
PAST SALE,February-24-2017,Single Family Residential,6822 Siesta Ct,Pleasanton,CA,94588,880000,3,2.0,Val Vista,1560,6565,1971,9,564,,Sold,,,http://www.redfin.com/CA/Pleasanton/6822-Siesta-Ct-94588/home/1173777,EBRD/CCAR/Bay East,40767927,N,Y,37.6806796,-121.9127702
PAST SALE,February-22-2017,Condo/Co-op,3641 Dublin Blvd,Dublin,CA,94568,565000,2,2.5,Dublin Ranch Vlg,1428,,2004,11,396,260,Sold,,,http://www.redfin.com/CA/Dublin/3641-Dublin-Blvd-94568/home/1507004,EBRD/CCAR/Bay East,40767351,N,Y,37.705861,-121.866745
PAST SALE,February-28-2017,Single Family Residential,25 Rydal Ct,Oakland,CA,94611,1325000,3,3.0,Piedmont Pines,2156,9576,1954,5,615,,Sold,,,http://www.redfin.com/CA/Oakland/25-Rydal-Ct-94611/home/692395,EBRD/CCAR/Bay East,40767920,N,Y,37.827621,-122.194832
PAST SALE,February-28-2017,Condo/Co-op,8055 Mountain View Dr Unit D,Pleasanton,CA,94588-4745,520000,2,2.0,Canyon Meadows,1043,,1991,5,499,445,Sold,,,http://www.redfin.com/CA/Pleasanton/8055-Mountain-View-Dr-94588/unit-D/home/1923239,EBRD/CCAR/Bay East,40768372,N,Y,37.6969192,-121.9484558
PAST SALE,February-7-2017,Single Family Residential,500 23rd Ave,Oakland,CA,94606,390000,2,1.0,Oakland,,2950,1916,26,,,Sold,,,http://www.redfin.com/CA/Oakland/500-23rd-Ave-94606/home/1140633,San Francisco MLS,454402,N,Y,37.7748372,-122.2359077
PAST SALE,February-22-2017,Single Family Residential,2772 CHELSEA Dr,Oakland,CA,94611,975000,2,2.0,Piedmont Pines,1260,18070,1947,11,774,,Sold,,,http://www.redfin.com/CA/Oakland/2772-Chelsea-Dr-94611/home/22805953,EBRD/CCAR/Bay East,40767196,N,Y,37.825719,-122.19152
PAST SALE,February-7-2017,Single Family Residential,2817 99TH Ave,Oakland,CA,94605,365000,2,2.0,Oakland Zoo,1487,6150,1941,26,245,,Sold,,,http://www.redfin.com/CA/Oakland/2817-99th-Ave-94605/home/1096834,EBRD/CCAR/Bay East,40751370,N,Y,37.74901,-122.152083
PAST SALE,,Vacant Land,340 29th Ave,Oakland,CA,94601,443000,,2.0,,3109,25665,1969,,142,,,,,http://www.redfin.com/CA/Oakland/340-29th-Ave-94601/home/40628544,,,N,Y,37.772336,-122.235463
PAST SALE,,Vacant Land,199 Filbert St,Hayward,CA,94541,682000,,,,,6496,,,,,,,,http://www.redfin.com/CA/Hayward/199-Filbert-St-94541/home/112886815,,,N,Y,37.664508,-122.094176
PAST SALE,February-23-2017,Townhouse,10734 Dulsie Ln,Dublin,CA,94568,585000,2,2.0,Highlands,1103,,1996,10,530,325,Sold,,,http://www.redfin.com/CA/Dublin/10734-Dulsie-Ln-94568/home/40449693,EBRD/CCAR/Bay East,40767615,N,Y,37.7003077,-121.9573616
PAST SALE,February-22-2017,Single Family Residential,1502 5Th St,Berkeley,CA,94710,815000,2,1.0,West Berkeley,1150,2700,1904,11,709,,Sold,,,http://www.redfin.com/CA/Berkeley/1502-Fifth-St-94710/home/2045415,EBRD/CCAR/Bay East,40767814,N,Y,37.8747982,-122.3012217
PAST SALE,February-28-2017,Single Family Residential,13905 Rose Dr,San Leandro,CA,94578,515000,3,1.0,Lower Bal,1016,7200,1942,5,507,,Sold,,,http://www.redfin.com/CA/San-Leandro/13905-Rose-Dr-94578/home/782127,EBRD/CCAR/Bay East,40767985,N,Y,37.7113989,-122.1422434
PAST SALE,February-27-2017,Single Family Residential,21614 Banyan St,Hayward,CA,94541,625000,4,2.0,Cherryland,1788,16344,1922,6,350,,Sold,,,http://www.redfin.com/CA/Hayward/21614-Banyan-St-94541/home/976710,EBRD/CCAR/Bay East,40761929,N,Y,37.67494,-122.103943
PAST SALE,February-24-2017,Single Family Residential,160 Elvira St,Livermore,CA,94550,625000,4,2.0,Carlton Square,1670,6500,1966,9,374,,Sold,,,http://www.redfin.com/CA/Livermore/160-Elvira-St-94550/home/755715,EBRD/CCAR/Bay East,40768184,N,Y,37.675819,-121.797849
PAST SALE,February-14-2017,Single Family Residential,1443 Bockman Rd,San Lorenzo,CA,94580,520000,3,1.0,San Lorenzo Vilg,1339,7521,1951,19,388,10,Sold,,,http://www.redfin.com/CA/San-Lorenzo/1443-Bockman-Rd-94580/home/933554,EBRD/CCAR/Bay East,40767743,N,Y,37.670259,-122.136385
PAST SALE,,Unknown,340 29th Ave Unit 307,Oakland,CA,94601,561000,,,,,,,,,,,,,http://www.redfin.com/CA/Oakland/340-29th-Ave-94601/unit-307/home/113254548,,,N,Y,37.772336,-122.235463
PAST SALE,February-17-2017,Condo/Co-op,30 Leighty,Hayward,CA,94541-1975,320500,2,2.0,Cherryland,864,22745,1992,16,371,175,Sold,,,http://www.redfin.com/CA/Hayward/30-Leighty-Ct-94541/unit-3/home/1812839,EBRD/CCAR/Bay East,40769341,N,Y,37.6773972,-122.111549
PAST SALE,February-28-2017,Single Family Residential,1216 Peralta Ave,Berkeley,CA,94706,852000,4,2.0,Berkeley/Albany,1411,4025,1923,5,604,,Sold,,,http://www.redfin.com/CA/Berkeley/1216-Peralta-Ave-94706/home/1467339,San Francisco MLS,453721,N,Y,37.8819299,-122.287692
PAST SALE,February-23-2017,Condo/Co-op,8783 MOUNTAIN Blvd #7,Oakland,CA,94605,399000,2,2.0,Oak Knoll Hgts,1140,,1982,10,350,400,Sold,,,http://www.redfin.com/CA/Oakland/8783-Mountain-Blvd-94605/unit-7/home/1525007,EBRD/CCAR/Bay East,40764819,N,Y,37.764006,-122.149865
PAST SALE,February-23-2017,Single Family Residential,8126 Locust Pl,Dublin,CA,94568,730000,4,2.5,Parkway Terrace,1780,3547,1984,10,410,44,Sold,,,http://www.redfin.com/CA/Dublin/8126-Locust-Pl-S-94568/home/1173886,EBRD/CCAR/Bay East,40765974,N,Y,37.722807,-121.925459
PAST SALE,February-23-2017,Single Family Residential,116 ARUNDEL Dr,Hayward,CA,94542,1085000,4,3.0,Stonebrae Country Club,3601,8611,2011,10,301,220,Sold,,,http://www.redfin.com/CA/Hayward/116-Arundel-Dr-94542/home/22807760,EBRD/CCAR/Bay East,40768601,N,Y,37.654992,-122.01609
PAST SALE,February-23-2017,Single Family Residential,6415 Benvenue Ave,Oakland,CA,94618,1560000,3,1.5,Rockridge,1596,6500,1916,10,977,,Sold,,,http://www.redfin.com/CA/Oakland/6415-Benvenue-Ave-94618/home/531409,EBRD/CCAR/Bay East,40767691,N,Y,37.851518,-122.253829
PAST SALE,February-23-2017,Single Family Residential,6757 Snake Rd,Oakland,CA,94611,1909000,5,3.5,Montclaire,3536,9911,2016,10,540,,Sold,,,http://www.redfin.com/CA/Oakland/6757-Snake-Rd-94611/home/22689045,EBRD/CCAR/Bay East,40767177,N,Y,37.835108,-122.20276
PAST SALE,February-28-2017,Single Family Residential,2142 Minnie St,Hayward,CA,94541,650000,3,2.0,Fairview,1169,5162,1957,5,556,,Sold,,,http://www.redfin.com/CA/Hayward/2142-Minnie-St-94541/home/1662541,EBRD/CCAR/Bay East,40768188,N,Y,37.668852,-122.057752
PAST SALE,February-23-2017,Condo/Co-op,11849 Newbridge Way,Dublin,CA,94568,530000,2,2.0,Kildara,1000,,1991,10,530,350,Sold,,,http://www.redfin.com/CA/Dublin/11849-Newbridge-Way-94568/unit-149/home/1960778,EBRD/CCAR/Bay East,40767756,N,Y,37.703633,-121.938847
PAST SALE,,Single Family Residential,479 Clifton St,Oakland,CA,94618,900000,2,1.0,,1040,3600,1890,,865,,,,,http://www.redfin.com/CA/Oakland/479-Clifton-St-94618/home/1986418,,,N,Y,37.840288,-122.258012
PAST SALE,February-6-2017,Townhouse,4133 Clarinbridge Cir,Dublin,CA,94568,564000,2,2.5,Dublin Ranch Vlg,1428,,2004,27,395,260,Sold,,,http://www.redfin.com/CA/Dublin/4133-Clarinbridge-Cir-94568/home/535073,EBRD/CCAR/Bay East,40766730,N,Y,37.7061567,-121.8680339
PAST SALE,February-22-2017,Single Family Residential,14792 Crosby St,San Leandro,CA,94579,610000,3,2.0,Manor,1148,5035,1956,11,531,,Sold,,,http://www.redfin.com/CA/San-Leandro/14792-Crosby-St-94579/home/1721235,EBRD/CCAR/Bay East,40767851,N,Y,37.6970607,-122.147974
PAST SALE,February-27-2017,Single Family Residential,1061 66th St,Oakland,CA,94608,881000,2,1.0,Nobe,1021,4400,1925,6,863,,Sold,,,http://www.redfin.com/CA/Oakland/1061-66th-St-94608/home/1606391,EBRD/CCAR/Bay East,40769608,N,Y,37.849082,-122.283206
PAST SALE,February-22-2017,Single Family Residential,1791 Arrowhead Dr,Oakland,CA,94611,1120000,3,3.0,Montclair,2191,5850,1966,11,511,,Sold,,,http://www.redfin.com/CA/Oakland/1791-Arrowhead-Dr-94611/home/1418304,EBRD/CCAR/Bay East,40768004,N,Y,37.8383309,-122.194936
PAST SALE,February-28-2017,Townhouse,1075 Mangrove Ln,Alameda,CA,94502,726000,3,2.5,Bay Farm,1642,1738,1975,5,442,480,Sold,,,http://www.redfin.com/CA/Alameda/1075-Mangrove-Ln-94502/home/1761074,EBRD/CCAR/Bay East,40768341,N,Y,37.7306791,-122.2350176
PAST SALE,February-23-2017,Single Family Residential,1359 Excelsior Ave,Oakland,CA,94602,752000,2,2.0,Glenview,1085,2541,1905,10,693,,Sold,,,http://www.redfin.com/CA/Oakland/1359-Excelsior-Ave-94602/home/1495598,EBRD/CCAR/Bay East,40768019,N,Y,37.8027732,-122.2290496
PAST SALE,February-24-2017,Single Family Residential,2035 46Th Ave,Oakland,CA,94601,499000,3,2.0,High Street,1104,4800,1922,9,452,,Sold,,,http://www.redfin.com/CA/Oakland/2035-46th-Ave-94601/home/1417532,EBRD/CCAR/Bay East,40761814,N,Y,37.775489,-122.20853
PAST SALE,,Multi-Family (2-4 Unit),57 Thornton St,San Leandro,CA,94577,26727273,42,42.0,,24332,14700,1969,,1098,,,,,http://www.redfin.com/CA/San-Leandro/57-Thornton-St-94577/home/763652,,,N,Y,37.721368,-122.152293
PAST SALE,February-10-2017,Vacant Land,0 MOUNTAIN Blvd,Oakland,CA,94619,24000,,,Oakland,,9452,,23,,,Sold,,,http://www.redfin.com/CA/Oakland/Mountain-Blvd-94619/home/22689310,EBRD/CCAR/Bay East,40732361,N,Y,37.792972,-122.179013
PAST SALE,,Single Family Residential,3025 Totterdell St,Oakland,CA,94611,830000,4,2.0,,2319,5891,1957,,358,,,,,http://www.redfin.com/CA/Oakland/3025-Totterdell-St-94611/home/1903236,,,N,Y,37.8222669,-122.187947
PAST SALE,,Vacant Land,Fallon Rd,Dublin,CA,94568,850500,,,,,20133,,,,,,,,http://www.redfin.com/CA/Dublin/Fallon-Rd-94568/home/95474655,,,N,Y,37.710202,-121.844324
PAST SALE,February-23-2017,Single Family Residential,150 Bell Ave,Piedmont,CA,94611,1700000,2,3.0,Piedmont,2345,5032,1949,10,725,,Sold,,,http://www.redfin.com/CA/Piedmont/150-Bell-Ave-94611/home/1343096,EBRD/CCAR/Bay East,40768027,N,Y,37.8276232,-122.2256227
PAST SALE,February-10-2017,Single Family Residential,3314 Arbor Dr,Pleasanton,CA,94566,1363000,5,3.0,Vintage Hills Ii,2815,9121,1988,23,484,140,Sold,,,http://www.redfin.com/CA/Pleasanton/3314-Arbor-Dr-94566/home/1338857,EBRD/CCAR/Bay East,40768451,N,Y,37.6567889,-121.8495782
PAST SALE,March-1-2017,Single Family Residential,1415 Tulip Way,Livermore,CA,94551,585000,2,2.0,Springtown,1280,6112,1963,4,457,32,Sold,,,http://www.redfin.com/CA/Livermore/1415-Tulip-Way-94551/home/1524303,EBRD/CCAR/Bay East,40768888,N,Y,37.710966,-121.739014
PAST SALE,February-28-2017,Single Family Residential,641 Jackson Ave,Livermore,CA,94550,740000,4,3.0,Jensen Tract,2258,6914,1962,5,328,,Sold,,,http://www.redfin.com/CA/Livermore/641-Jackson-Ave-94550/home/906820,EBRD/CCAR/Bay East,40768873,N,Y,37.684206,-121.742857
PAST SALE,February-28-2017,Single Family Residential,4065 Bothrin St,Dublin,CA,94568,1004880,4,3.0,Dublin,2214,2989,2017,5,454,148,Sold,,,http://www.redfin.com/CA/Dublin/4065-Bothrin-St-94568/home/109457822,EBRD/CCAR/Bay East,40762436,N,Y,37.7096,-121.855
PAST SALE,February-23-2017,Single Family Residential,533 Sheridan Cir,Livermore,CA,94551,877500,4,3.0,Portola Glen,2312,12134,1991,10,380,,Sold,,,http://www.redfin.com/CA/Livermore/533-Sheridan-Cir-94551/home/1874827,EBRD/CCAR/Bay East,40765850,N,Y,37.6913766,-121.754179
PAST SALE,February-22-2017,Single Family Residential,129 Broadmoor Blvd,San Leandro,CA,94577,555000,3,1.5,Broadmoor,1991,10020,1912,11,279,,Sold,,,http://www.redfin.com/CA/San-Leandro/129-Broadmoor-Blvd-94577/home/1891225,EBRD/CCAR/Bay East,40765769,N,Y,37.735511,-122.161476
PAST SALE,February-16-2017,Condo/Co-op,95 WINDWARD Cmn #1,Livermore,CA,94551,475000,2,2.0,Copperhill,947,947,2000,17,502,280,Sold,,,http://www.redfin.com/CA/Livermore/95-Windward-Cmn-94551/unit-1/home/1242588,EBRD/CCAR/Bay East,40762712,N,Y,37.710354,-121.805947
PAST SALE,February-16-2017,Vacant Land,814 33rd Ave,Oakland,CA,94601,340000,,,Oakland,,8422,,17,,,Sold,,,http://www.redfin.com/CA/Oakland/814-33rd-Ave-94601/home/109943994,EBRD/CCAR/Bay East,40763906,N,Y,37.773175,-122.226722
PAST SALE,February-22-2017,Single Family Residential,1547 Hays St,San Leandro,CA,94577,696000,3,3.0,Downtown,1655,2525,2008,11,421,,Sold,,,http://www.redfin.com/CA/San-Leandro/1547-Hays-St-94577/home/22811312,EBRD/CCAR/Bay East,40769166,N,Y,37.7221006,-122.1559653
PAST SALE,February-28-2017,Single Family Residential,335 Estates St,Livermore,CA,94550,680000,4,2.0,Jensen Tract,1459,7198,1955,5,466,,Sold,,,http://www.redfin.com/CA/Livermore/335-Estates-St-94550/home/893494,EBRD/CCAR/Bay East,40769006,N,Y,37.684797,-121.751901
PAST SALE,March-1-2017,Condo/Co-op,802 Zephyr Dr,Oakland,CA,94607,602000,2,2.5,Zephyr Gate,987,,2007,4,610,210,Sold,,,http://www.redfin.com/CA/Oakland/802-Zephyr-Dr-94607/home/17184382,EBRD/CCAR/Bay East,40768612,N,Y,37.8131569,-122.298692
PAST SALE,February-22-2017,Single Family Residential,523 Cherry Way,Hayward,CA,94541,495000,2,1.5,Cherryland,1112,17295,1947,11,445,,Sold,,,http://www.redfin.com/CA/Hayward/523-Cherry-Way-94541/home/822409,EBRD/CCAR/Bay East,40764742,N,Y,37.6798588,-122.1047449
PAST SALE,February-23-2017,Single Family Residential,431 Lewis Ave,San Leandro,CA,94577,673000,2,1.0,Broadmoor/Dutton,1028,6150,1926,10,655,,Sold,,,http://www.redfin.com/CA/San-Leandro/431-Lewis-Ave-94577/home/1381208,EBRD/CCAR/Bay East,40767871,N,Y,37.737672,-122.144353
PAST SALE,February-24-2017,Condo/Co-op,2709 10th St Unit B,Berkeley,CA,94710,950000,2,2.5,West Berkeley,1563,,2004,9,608,500,Sold,,,http://www.redfin.com/CA/Berkeley/2709-10th-St-94710/unit-B/home/113069957,EBRD/CCAR/Bay East,40767800,N,Y,37.8060377,-122.2845111
PAST SALE,February-17-2017,Single Family Residential,1164 Farmington Way,Livermore,CA,94550,875000,4,2.5,Shadowbrook,2241,12922,1969,16,390,,Sold,,,http://www.redfin.com/CA/Livermore/1164-Farmington-Way-94550/home/1811838,EBRD/CCAR/Bay East,40769070,N,Y,37.658431,-121.780413
PAST SALE,February-28-2017,Single Family Residential,719 Wimbledon Ln,Livermore,CA,94551,785000,4,3.0,The Meadows,2307,8632,1971,5,340,,Sold,,,http://www.redfin.com/CA/Livermore/719-Wimbledon-Ln-94551/home/626664,EBRD/CCAR/Bay East,40762737,N,Y,37.692181,-121.765669
PAST SALE,February-28-2017,Condo/Co-op,260 Caldecott Ln #326,Oakland,CA,94618,405000,1,1.0,Parkwood Condos,743,,1997,5,545,412,Sold,,,http://www.redfin.com/CA/Oakland/260-Caldecott-Ln-94618/unit-326/home/1995609,EBRD/CCAR/Bay East,40768171,N,Y,37.858522,-122.2209803
PAST SALE,February-28-2017,Condo/Co-op,7635 Canyon Meadow Cir Unit B,Pleasanton,CA,94588,535000,3,2.0,Canyon Meadows,1257,,1991,5,426,506,Sold,,,http://www.redfin.com/CA/Pleasanton/7635-Canyon-Meadows-Cir-94588/unit-B/home/1944890,EBRD/CCAR/Bay East,40763532,N,Y,37.6972983,-121.9468475
PAST SALE,March-1-2017,Townhouse,974 Castlewood Way,Hayward,CA,94541-4612,525000,2,2.5,Skywest,1270,864,1973,4,413,385,Sold,,,http://www.redfin.com/CA/Hayward/974-Castlewood-Way-94541/home/990365,EBRD/CCAR/Bay East,40770506,N,Y,37.667556,-122.123533
PAST SALE,February-27-2017,Townhouse,7569 Brigadoon Way,Dublin,CA,94568,675000,3,2.5,Highlands,1387,,1998,6,487,325,Sold,,,http://www.redfin.com/CA/Dublin/7569-Brigadoon-Way-94568/home/28485355,EBRD/CCAR/Bay East,40768370,N,Y,37.7027249,-121.9605661
PAST SALE,March-1-2017,Single Family Residential,19019 Gliddon St,Castro Valley,CA,94546,815000,3,2.0,Upper Center,1528,5000,1953,4,533,,Sold,,,http://www.redfin.com/CA/Castro-Valley/19019-Gliddon-St-94546/home/1875204,EBRD/CCAR/Bay East,40768314,N,Y,37.706167,-122.059019
PAST SALE,February-28-2017,Condo/Co-op,222 BROADWAY #1408,Oakland,CA,94607,1100000,2,2.0,Jack London,1286,,2009,5,855,710,Sold,,,http://www.redfin.com/CA/Oakland/222-Broadway-94607/unit-1408/home/28696755,EBRD/CCAR/Bay East,40768388,N,Y,37.7962024,-122.2756237
PAST SALE,February-10-2017,Single Family Residential,476 Capistrano Dr,Oakland,CA,94603-3520,393000,3,1.0,Sobrante Park,1428,4000,1945,23,275,,Sold,,,http://www.redfin.com/CA/Oakland/476-Capistrano-Dr-94603/home/1363431,EBRD/CCAR/Bay East,40765866,N,Y,37.728734,-122.1788764
PAST SALE,February-9-2017,Single Family Residential,6599 Donlon Way,Dublin,CA,94568,1157140,4,3.5,Dublin,3066,4522,2016,24,377,155,Sold,,,http://www.redfin.com/CA/Dublin/6599-Donlon-Way-94568/home/108493525,EBRD/CCAR/Bay East,40751707,N,Y,37.700596,-121.937475
PAST SALE,February-22-2017,Single Family Residential,25806 Bel Aire Dr,Hayward,CA,94542,515000,4,2.5,Hayward,1650,5525,1950,11,312,,Sold,,,http://www.redfin.com/CA/Hayward/25806-Bel-Aire-Dr-94542/home/1485586,EBRD/CCAR/Bay East,40769423,N,Y,37.653486,-122.067354
PAST SALE,February-22-2017,Condo/Co-op,1334 Powell St,Emeryville,CA,94608,805000,2,2.5,Emeryville,1286,,2004,11,626,213,Sold,,,http://www.redfin.com/CA/Emeryville/1334-Powell-St-94608/home/1506685,EBRD/CCAR/Bay East,40768720,N,Y,37.8398957,-122.2880318
PAST SALE,February-3-2017,Single Family Residential,3384 Madeira Way,Livermore,CA,94550,645000,3,2.0,Jensen Tract,1356,5000,1953,30,476,,Sold,,,http://www.redfin.com/CA/Livermore/3384-Madeira-Way-94550/home/1750312,EBRD/CCAR/Bay East,40764855,N,Y,37.685083,-121.759583
PAST SALE,February-17-2017,Single Family Residential,,Dublin,CA,94568-2240,925000,4,2.0,Briar Hills,2100,11597,1964,16,440,,Sold,,,http://www.redfin.com/CA/Dublin/Undisclosed-address-94568/home/1686154,EBRD/CCAR/Bay East,40766560,N,Y,37.705508,-121.943697
PAST SALE,February-27-2017,Single Family Residential,5524 Manila Ave,Oakland,CA,94618,1160000,2,1.0,Rockridge,1210,4120,1912,6,959,,Sold,,,http://www.redfin.com/CA/Oakland/5524-Manila-Ave-94618/home/1993135,EBRD/CCAR/Bay East,40758211,N,Y,37.841278,-122.249023
PAST SALE,February-17-2017,Condo/Co-op,123 Cypress Loop,Hayward,CA,94544,659000,3,2.5,Hayward,1816,,2016,16,363,240,Sold,,,http://www.redfin.com/CA/Hayward/123-Cypress-Loop-94544/home/112894351,EBRD/CCAR/Bay East,40767111,N,Y,37.6511889,-122.0688421
PAST SALE,February-28-2017,Single Family Residential,5428 Yuba Ave,Oakland,CA,94619,650000,2,1.0,Oakland,1074,4750,1949,5,605,,Sold,,,http://www.redfin.com/CA/Oakland/5428-Yuba-Ave-94619/home/1362971,EBRD/CCAR/Bay East,40768048,N,Y,37.776442,-122.191421
PAST SALE,,Single Family Residential,14355 Elm St,San Leandro,CA,94579,208500,3,2.0,,1552,5300,1952,,134,,,,,http://www.redfin.com/CA/San-Leandro/14355-Elm-St-94579/home/1611087,,,N,Y,37.699542,-122.16414
PAST SALE,,Single Family Residential,894 Mohawk Dr,Livermore,CA,94551,527500,2,1.0,,910,6202,1964,,580,,,,,http://www.redfin.com/CA/Livermore/894-Mohawk-Dr-94551/home/1941322,,,N,Y,37.690853,-121.786116
PAST SALE,,Condo/Co-op,7315 Starward Dr Apt 57,Dublin,CA,94568,333000,2,1.0,,742,,1970,,449,,,,,http://www.redfin.com/CA/Dublin/7315-Starward-Dr-94568/unit-57/home/12119201,,,N,Y,37.7084505,-121.9339996
PAST SALE,February-28-2017,Single Family Residential,1036 Spring Ct,Hayward,CA,94542,620000,2,2.0,Hayward,1544,12954,1951,5,402,,Sold,,,http://www.redfin.com/CA/Hayward/1036-Spring-Ct-94542/home/901420,EBRD/CCAR/Bay East,40768761,N,Y,37.653568,-122.065012
PAST SALE,February-17-2017,Townhouse,1523 Hearst Ave,Berkeley,CA,94703,850000,2,2.0,North Berkeley,1280,8977,1985,16,664,242,Sold,,,http://www.redfin.com/CA/Berkeley/1523-Hearst-Ave-94703/unit-B/home/1297560,EBRD/CCAR/Bay East,40767096,N,Y,37.872568,-122.280978
PAST SALE,February-3-2017,Vacant Land,24290 Park St,Hayward,CA,94544,278000,,,Hayward,,9981,,30,,,Sold,,,http://www.redfin.com/CA/Hayward/24290-Park-St-94544/home/21672006,EBRD/CCAR/Bay East,40767599,N,Y,37.660939,-122.085748
PAST SALE,February-22-2017,Multi-Family (2-4 Unit),1809 Linden St,Oakland,CA,94607,720000,,,Oakland,2188,2400,1895,11,329,,Sold,,,http://www.redfin.com/CA/Oakland/1809-Linden-St-94607/home/524978,EBRD/CCAR/Bay East,40768320,N,Y,37.812312,-122.283055
PAST SALE,February-23-2017,Single Family Residential,59 YORKSHIRE Dr,Oakland,CA,94618,2775000,5,5.5,Claremont Pines,4811,16789,1998,10,577,,Sold,,,http://www.redfin.com/CA/Oakland/59-Yorkshire-Dr-94618/home/1433742,EBRD/CCAR/Bay East,40770161,N,Y,37.841467,-122.23836
PAST SALE,,Single Family Residential,1224 Nice Ct,Livermore,CA,94551,714500,4,2.0,,1992,7991,1997,,359,,,,,http://www.redfin.com/CA/Livermore/1224-Nice-Ct-94551/home/888186,,,N,Y,37.691797,-121.785243
PAST SALE,February-13-2017,Single Family Residential,461 Ewing Dr,Pleasanton,CA,94566,1025000,4,2.5,Pleasanton Hgts,2071,9149,1968,20,495,,Sold,,,http://www.redfin.com/CA/Pleasanton/461-Ewing-Dr-94566/home/590657,EBRD/CCAR/Bay East,40767853,N,Y,37.6611647,-121.8597817
PAST SALE,March-1-2017,Single Family Residential,5909 Pinewood Rd,Oakland,CA,94611,1800000,4,4.0,Montclair,3900,7100,1997,4,462,,Sold,,,http://www.redfin.com/CA/Oakland/5909-Pinewood-Rd-94611/home/1776287,EBRD/CCAR/Bay East,40769230,N,Y,37.8426787,-122.222895
PAST SALE,February-3-2017,Single Family Residential,5038 Tyler Ln,Castro Valley,CA,94546,880000,4,3.0,Beaumont Estates,2159,4300,1964,30,408,,Sold,,,http://www.redfin.com/CA/Castro-Valley/5038-Tyler-Ln-94546/home/827916,EBRD/CCAR/Bay East,40765763,N,Y,37.714597,-122.067191
PAST SALE,February-10-2017,Single Family Residential,511 BERGEDO Dr,Oakland,CA,94603,345000,3,1.0,El Sobrante Park,1416,4000,1946,23,244,,Sold,,,http://www.redfin.com/CA/Oakland/511-Bergedo-Dr-94603/home/1952738,EBRD/CCAR/Bay East,40760067,N,Y,37.7288948,-122.1754392
PAST SALE,February-28-2017,Single Family Residential,4307 Drake Ct,Livermore,CA,94550,680000,3,2.0,Jensen Tract,1550,11429,1958,5,439,,Sold,,,http://www.redfin.com/CA/Livermore/4307-Drake-Ct-94550/home/1687150,EBRD/CCAR/Bay East,40769622,N,Y,37.676205,-121.743616
PAST SALE,February-28-2017,Condo/Co-op,3636 Aviano Way,Dublin,CA,94568,720000,2,2.0,Dublin Ranch,1303,,2012,5,553,342,Sold,,,http://www.redfin.com/CA/Dublin/3636-Aviano-Way-94568/home/40087482,EBRD/CCAR/Bay East,40769550,N,Y,37.7111844,-121.8665442
PAST SALE,February-14-2017,Single Family Residential,10729 INSPIRATION Cir,Dublin,CA,94568,1210000,4,3.5,Hansen Hill,2936,6882,1998,19,412,87,Sold,,,http://www.redfin.com/CA/Dublin/10729-Inspiration-Cir-94568/home/729301,EBRD/CCAR/Bay East,40757331,N,Y,37.704492,-121.956304
PAST SALE,February-7-2017,Single Family Residential,18450 Robscott Ave,Hayward,CA,94541-2244,498000,3,1.0,Hayward,1051,5022,1951,26,474,,Sold,,,http://www.redfin.com/CA/Hayward/18450-Robscott-Ave-94541/home/1071485,EBRD/CCAR/Bay East,40759518,N,Y,37.6725335,-122.1208042
PAST SALE,March-1-2017,Single Family Residential,1282 Yosemite,Hayward,CA,94545,683000,5,3.0,Hayward,2891,5240,1978,4,236,,Sold,,,http://www.redfin.com/CA/Hayward/1282-Yosemite-Way-94545/home/987601,EBRD/CCAR/Bay East,40768723,N,Y,37.6485967,-122.1113879
PAST SALE,February-14-2017,Single Family Residential,2253 Warner Ave,Oakland,CA,94603,327000,3,1.0,Las Palmas,1246,6498,1942,19,262,,Sold,,,http://www.redfin.com/CA/Oakland/2253-Warner-Ave-94603/home/594337,EBRD/CCAR/Bay East,40766602,N,Y,37.74791,-122.160104
PAST SALE,February-17-2017,Single Family Residential,1249 Haskell St,Berkeley,CA,94702,765000,2,1.0,Berkeley,882,3270,1905,16,867,,Sold,,,http://www.redfin.com/CA/Berkeley/1249-Haskell-St-94702/home/1169536,EBRD/CCAR/Bay East,40766826,N,Y,37.851204,-122.283994
PAST SALE,March-1-2017,Single Family Residential,1421 Ashby Ave,Berkeley,CA,94702,730000,3,1.0,Berkeley,1153,5476,1952,4,633,,Sold,,,http://www.redfin.com/CA/Berkeley/1421-Ashby-Ave-94702/home/913463,EBRD/CCAR/Bay East,40767076,N,Y,37.8535169,-122.280398
PAST SALE,February-27-2017,Single Family Residential,5927 Hilton St,Oakland,CA,94605,360000,4,1.0,Oakland,1402,3780,1924,6,257,,Sold,,,http://www.redfin.com/CA/Oakland/5927-Hilton-St-94605/home/1910959,EBRD/CCAR/Bay East,40770330,N,Y,37.7689784,-122.1929672
PAST SALE,February-22-2017,Condo/Co-op,299 Jayne Ave,Oakland,CA,94610,1059000,3,2.5,Adams Point,1763,,2001,11,601,350,Sold,,,http://www.redfin.com/CA/Oakland/299-Jayne-Ave-94610/home/1853286,EBRD/CCAR/Bay East,40766611,N,Y,37.8135959,-122.255996
PAST SALE,February-13-2017,Single Family Residential,7861 Galway Ct,Dublin,CA,94568,1520000,5,4.5,The Ridge,3753,15190,2000,20,405,192,Sold,,,http://www.redfin.com/CA/Dublin/7861-Galway-Ct-94568/home/649103,EBRD/CCAR/Bay East,40767104,N,Y,37.7068666,-121.960768
PAST SALE,February-10-2017,Single Family Residential,120 Covington,Oakland,CA,94605,815000,3,2.5,Oakland,1412,5535,1939,23,577,,Sold,,,http://www.redfin.com/CA/Oakland/120-Covington-St-94605/home/867727,San Francisco MLS,453395,N,Y,37.736788,-122.137992
PAST SALE,February-7-2017,Single Family Residential,5527 Oakmont Cir,Livermore,CA,94551,693000,4,2.0,Livermore,1520,6300,1965,26,456,,Sold,,,http://www.redfin.com/CA/Livermore/5527-Oakmont-Cir-94551/home/924276,EBRD/CCAR/Bay East,40766618,N,Y,37.7205654,-121.7310944
PAST SALE,February-22-2017,Single Family Residential,1147 Rebecca Dr,Livermore,CA,94550,1020000,4,3.5,Coventry,3149,9000,1997,11,324,,Sold,,,http://www.redfin.com/CA/Livermore/1147-Rebecca-Dr-94550/home/1907441,EBRD/CCAR/Bay East,40766119,N,Y,37.688918,-121.720929
PAST SALE,February-17-2017,Single Family Residential,4447 SANDALWOOD Dr,Pleasanton,CA,94588,863000,4,2.0,Highland Oaks,1854,6476,1965,16,465,25,Sold,,,http://www.redfin.com/CA/Pleasanton/4447-Sandalwood-Dr-94588/home/1326824,EBRD/CCAR/Bay East,40745350,N,Y,37.67996,-121.917349
PAST SALE,February-8-2017,Condo/Co-op,319 Basswood Cmn #5,Livermore,CA,94551,630000,3,3.5,Livermore,1508,,2016,25,418,358,Sold,,,http://www.redfin.com/CA/Livermore/319-Basswood-Cmn-94551/unit-5/home/109060256,EBRD/CCAR/Bay East,40758180,N,Y,37.7047499,-121.7945693
PAST SALE,,Single Family Residential,3956 Jordan Ranch Dr,Dublin,CA,94568,1080000,5,3.0,,2457,4675,2012,,440,,,,,http://www.redfin.com/CA/Dublin/3956-Jordan-Ranch-Dr-94568/home/40628474,,,N,Y,37.7125907,-121.8503685
PAST SALE,February-17-2017,Single Family Residential,1279 Hyacinth Ct,Livermore,CA,94551,792000,4,2.5,Parklane Estates,2022,8314,2000,16,392,,Sold,,,http://www.redfin.com/CA/Livermore/1279-Hyacinth-Ct-94551/home/1442546,EBRD/CCAR/Bay East,40766597,N,Y,37.716571,-121.7260087
PAST SALE,February-23-2017,Townhouse,1761 MONTEREY Dr,Livermore,CA,94551,442500,3,2.5,Springvalley Cmn,1274,1140,1986,10,347,320,Sold,,,http://www.redfin.com/CA/Livermore/1761-Monterey-Dr-94551/home/1009620,EBRD/CCAR/Bay East,40762678,N,Y,37.711535,-121.748461
PAST SALE,February-17-2017,Single Family Residential,3435 Figueroa Dr,San Leandro,CA,94578,569000,3,2.0,Floresta,1177,6360,1956,16,483,,Sold,,,http://www.redfin.com/CA/San-Leandro/3435-Figueroa-Dr-94578/home/1874414,EBRD/CCAR/Bay East,40763138,N,Y,37.701898,-122.153391
PAST SALE,February-28-2017,Single Family Residential,4214 Nando Ct,Castro Valley,CA,94546,780000,4,2.0,Castro Valley,1487,7315,1955,5,525,,Sold,,,http://www.redfin.com/CA/Castro-Valley/4214-Nando-Ct-94546/home/1261591,EBRD/CCAR/Bay East,40767143,N,Y,37.708253,-122.076094
PAST SALE,March-3-2017,Single Family Residential,4025 Patterson Ave,Oakland,CA,94619,835000,2,1.0,Redwood Heights,1097,4800,1937,2,761,,Sold,,,http://www.redfin.com/CA/Oakland/4025-Patterson-Ave-94619/home/1649097,EBRD/CCAR/Bay East,40769815,N,Y,37.794624,-122.192755
PAST SALE,February-17-2017,Single Family Residential,7628 Ironwood Dr,Dublin,CA,94568,760000,4,2.0,Westside,1321,7104,1960,16,575,,Sold,,,http://www.redfin.com/CA/Dublin/7628-Ironwood-Dr-94568/home/1429009,EBRD/CCAR/Bay East,40767874,N,Y,37.7114,-121.932052
PAST SALE,February-3-2017,Single Family Residential,19276 Almond Rd,Castro Valley,CA,94546,615000,4,3.0,Castro Valley,1810,6400,1949,30,340,,Sold,,,http://www.redfin.com/CA/Castro-Valley/19276-Almond-Rd-94546/home/831786,EBRD/CCAR/Bay East,40768143,N,Y,37.7069029,-122.084293
PAST SALE,February-17-2017,Single Family Residential,155 El Caminito,LIVERMORE,CA,94550,655000,4,2.0,LIVERMORE,1476,6120,1964,16,444,,Sold,,,http://www.redfin.com/CA/Livermore/155-El-Caminito-94550/home/893395,MLSListings,ML81627977,N,Y,37.675573,-121.795563
PAST SALE,February-24-2017,Condo/Co-op,19631 Medford Cir #4,Hayward,CA,94541,420000,2,2.5,Cherryland,1125,,1992,9,373,425,Sold,,,http://www.redfin.com/CA/Hayward/19631-Medford-Cir-94541/unit-4/home/1968123,EBRD/CCAR/Bay East,40768543,N,Y,37.6824058,-122.1073646
PAST SALE,February-24-2017,Single Family Residential,170 Goodwin St,Hayward,CA,94544,530000,3,1.0,Hayward,1170,6000,1952,9,453,,Sold,,,http://www.redfin.com/CA/Hayward/170-Goodwin-St-94544/home/1815368,EBRD/CCAR/Bay East,40765298,N,Y,37.644613,-122.07319
PAST SALE,February-23-2017,Vacant Land,18 HILLER Dr,Oakland,CA,94618,600000,,,Hiller Highlands,,25406,,10,,,Sold,,,http://www.redfin.com/CA/Oakland/18-Hiller-Dr-94618/home/109927905,EBRD/CCAR/Bay East,40763869,N,Y,37.8529439,-122.2332918
PAST SALE,February-17-2017,Condo/Co-op,25495 Southwick Dr #109,Hayward,CA,94544,450000,2,2.0,Newporte,1130,430,1991,16,398,360,Sold,,,http://www.redfin.com/CA/Hayward/25495-Southwick-Dr-94544/unit-109/home/994086,EBRD/CCAR/Bay East,40767018,N,Y,37.649399,-122.083691
PAST SALE,,Condo/Co-op,7765 Canyon Meadows Cir,Pleasanton,CA,94588,515000,2,2.0,,1043,,1991,,494,,,,,http://www.redfin.com/CA/Pleasanton/7765-Canyon-Meadows-Cir-94588/home/1902019,,,N,Y,37.6972662,-121.9509462
PAST SALE,,Vacant Land,8th St,Oakland,CA,94607,10850000,,,,,62878,,,,,,,,http://www.redfin.com/CA/Oakland/8th-St-94607/home/112885464,,,N,Y,37.8048507,-122.2878486
PAST SALE,February-13-2017,Single Family Residential,2052 Tampa Ave,Oakland,CA,94611,852000,3,2.0,Montclair,,5733,1949,20,,,Sold,,,http://www.redfin.com/CA/Oakland/2052-Tampa-Ave-94611/home/2005949,EBRD/CCAR/Bay East,40767149,N,Y,37.8296899,-122.2040363
PAST SALE,,Vacant Land,Fallon Rd,Dublin,CA,94568,670000,,,,,19536,,,,,,,,http://www.redfin.com/CA/Dublin/Fallon-Rd-94568/home/110279269,,,N,Y,37.7090267,-121.8419244
PAST SALE,,Vacant Land,Lockhart St,Dublin,CA,94568,856500,,,,,868552,,,,,,,,http://www.redfin.com/CA/Dublin/Lockhart-St-94568/home/112887467,,,N,Y,37.709429,-121.8575274
PAST SALE,,Vacant Land,Tassajara Rd,Dublin,CA,94568,1402500,,,,,6793,,,,,,,,http://www.redfin.com/CA/Dublin/Tassajara-Rd-94568/home/112887326,,,N,Y,37.7213685,-121.8716168
PAST SALE,,Vacant Land,2680 Alliston Loop,Dublin,CA,94568,1030000,,,,,3000,,,,,,,,http://www.redfin.com/CA/Dublin/2680-Alliston-Loop-94568/home/112887121,,,N,Y,37.709818,-121.8528581
PAST SALE,,Vacant Land,2686 Alliston Loop,Dublin,CA,94568,918000,,,,,2872,,,,,,,,http://www.redfin.com/CA/Dublin/2686-Alliston-Loop-94568/home/110308871,,,N,Y,37.7099,-121.854
PAST SALE,February-3-2017,Single Family Residential,1785 Greenwood Rd,Pleasanton,CA,94566,850000,3,2.0,Pleasanton Vally,1540,8164,1966,30,552,,Sold,,,http://www.redfin.com/CA/Pleasanton/1785-Greenwood-Rd-94566/home/862537,EBRD/CCAR/Bay East,40767378,N,Y,37.674387,-121.880156
PAST SALE,,Multi-Family (2-4 Unit),1141 Virginia St,Berkeley,CA,94702,340000,,4.0,,3576,4375,1925,,95,,,,,http://www.redfin.com/CA/Berkeley/1141-Virginia-St-94702/home/687629,,,N,Y,37.8738342,-122.2919759
PAST SALE,,Single Family Residential,2247 Foothill Blvd,Oakland,CA,94606,785000,3,2.0,,1908,4026,1908,,411,,,,,http://www.redfin.com/CA/Oakland/2247-Foothill-Blvd-94606/home/785933,,,N,Y,37.785508,-122.235547
PAST SALE,February-3-2017,Single Family Residential,5949 Knoll Woods Ct,Pleasanton,CA,94566,1149000,3,2.5,Canyon Oaks,2401,5720,2004,30,479,52,Sold,,,http://www.redfin.com/CA/Pleasanton/5949-Knoll-Woods-Ct-94566/home/1600171,EBRD/CCAR/Bay East,40766663,N,Y,37.648574,-121.887663
PAST SALE,,Condo/Co-op,670 Fargo Ave Apt 6,San Leandro,CA,94579,388000,3,2.0,,1136,,1965,,342,,,,,http://www.redfin.com/CA/San-Leandro/670-Fargo-Ave-94579/unit-6/home/17184419,,,N,Y,37.6878575,-122.1404812
PAST SALE,February-28-2017,Single Family Residential,4959 Blackbird Way,Pleasanton,CA,94566,1240000,4,2.5,Birdland,2458,10220,1968,5,504,,Sold,,,http://www.redfin.com/CA/Pleasanton/4959-Blackbird-Way-94566/home/1194749,EBRD/CCAR/Bay East,40771688,N,Y,37.6809957,-121.8836022
PAST SALE,February-3-2017,Condo/Co-op,7403 Brigadoon Way,Dublin,CA,94568,665000,3,2.5,Dublin,1520,,1996,30,438,325,Sold,,,http://www.redfin.com/CA/Dublin/7403-Brigadoon-Way-94568/unit-242/home/1184945,EBRD/CCAR/Bay East,40766547,N,Y,37.700309,-121.957229
PAST SALE,,Single Family Residential,1821 73rd Ave,Oakland,CA,94621,217500,2,1.0,,1173,2040,1924,,185,,,,,http://www.redfin.com/CA/Oakland/1821-73rd-Ave-94621/home/1041353,,,N,Y,37.7619789,-122.183486
PAST SALE,,Multi-Family (2-4 Unit),1919 Martin Luther King Junior Way,Oakland,CA,94612,4690000,14,26.0,,16583,5188,1920,,283,,,,,http://www.redfin.com/CA/Oakland/1919-Martin-Luther-King-Junior-Way-94612/home/40628518,,,N,Y,37.81002,-122.273923
PAST SALE,February-10-2017,Single Family Residential,11 San Carlos Ave,El Cerrito,CA,94530,1250000,3,2.0,St Jeromes,1537,4200,1940,23,813,,Sold,,,http://www.redfin.com/CA/El-Cerrito/11-San-Carlos-Ave-94530/home/1146205,EBRD/CCAR/Bay East,40770032,N,Y,37.897805,-122.289259
PAST SALE,,Single Family Residential,2466 Marineview Dr,San Leandro,CA,94577,887273,4,2.0,,2433,8774,1962,,365,,,,,http://www.redfin.com/CA/San-Leandro/2466-Marineview-Dr-94577/home/1593892,,,N,Y,37.722313,-122.127855
PAST SALE,February-10-2017,Single Family Residential,7505 HONEY Ct,Dublin,CA,94568,730000,3,2.0,Westside,1038,12178,1961,23,703,,Sold,,,http://www.redfin.com/CA/Dublin/7505-Honey-Ct-94568/home/1319528,EBRD/CCAR/Bay East,40766746,N,Y,37.7107042,-121.9307029
PAST SALE,February-22-2017,Single Family Residential,381 Robert Louis Stevenson,Alameda,CA,94501,1250000,3,3.0,Bay Port,2805,3840,2006,11,446,145,Sold,,,http://www.redfin.com/CA/Alameda/381-Robert-Louis-Stevenson-Ave-94501/home/12114580,EBRD/CCAR/Bay East,40767210,N,Y,37.7832969,-122.2847903
PAST SALE,February-22-2017,Multi-Family (2-4 Unit),729 Pacific,Alameda,CA,94501,1280000,4,4.0,Alameda,3872,11790,1918,11,331,,Sold,,,http://www.redfin.com/CA/Alameda/729-Pacific-Ave-94501/home/777138,EBRD/CCAR/Bay East,40762414,N,Y,37.7764366,-122.2756209
PAST SALE,February-14-2017,Single Family Residential,6656 HEATHER RIDGE Way,Oakland,CA,94611,728000,3,2.5,Oakland Hills,1843,11373,1996,19,395,,Sold,,,http://www.redfin.com/CA/Piedmont/6656-Heather-Ridge-Way-94611/home/1142879,EBRD/CCAR/Bay East,40742096,N,Y,37.84616,-122.207788
PAST SALE,February-28-2017,Single Family Residential,1623 E 15TH St,Oakland,CA,94606,460000,5,2.0,San Antonio Park,2162,3500,1905,5,213,,Sold,,,http://www.redfin.com/CA/Oakland/1623-E-15th-St-94606/home/532905,EBRD/CCAR/Bay East,40758756,N,Y,37.788643,-122.243131
PAST SALE,February-8-2017,Single Family Residential,1526 Pierce Ave,San Leandro,CA,94577,515000,2,1.0,Davis Area,840,5000,1942,25,613,,Sold,,,http://www.redfin.com/CA/San-Leandro/1526-Pierce-Ave-94577/home/1967207,EBRD/CCAR/Bay East,40766315,N,Y,37.718235,-122.168684
PAST SALE,February-3-2017,Single Family Residential,186 Estabrook St,San Leandro,CA,94577,451000,2,1.0,Estabrook,1352,7500,1935,30,334,,Sold,,,http://www.redfin.com/CA/San-Leandro/186-Estabrook-St-94577/home/762676,EBRD/CCAR/Bay East,40766697,N,Y,37.7181272,-122.1511546
PAST SALE,February-19-2017,Single Family Residential,2775 Alliston Loop,Dublin,CA,94568,1008000,5,4.0,Dublin,2951,3055,2016,14,342,156,Sold,,,http://www.redfin.com/CA/Dublin/2775-Alliston-Loop-94568/home/109160599,EBRD/CCAR/Bay East,40759040,N,Y,37.7099,-121.854
PAST SALE,February-17-2017,Condo/Co-op,14101 E 14Th St #301,San Leandro,CA,94578,359000,2,2.0,San Leandro,1000,32495,1986,16,359,310,Sold,,,http://www.redfin.com/CA/San-Leandro/14101-E-14th-St-94578/unit-301/home/778226,EBRD/CCAR/Bay East,40763730,N,Y,37.712469,-122.139904
PAST SALE,February-28-2017,Single Family Residential,2705 Somerset Ave,Castro Valley,CA,94546,650000,3,1.0,Castro Valley,1208,5880,1946,5,538,,Sold,,,http://www.redfin.com/CA/Castro-Valley/2705-Somerset-Ave-94546/home/821144,EBRD/CCAR/Bay East,40765362,N,Y,37.700335,-122.091668
PAST SALE,February-17-2017,Single Family Residential,5454 Ruth Ave,Oakland,CA,94601,650000,5,3.0,Maxwell  Park,2467,3500,1924,16,263,,Sold,,,http://www.redfin.com/CA/Oakland/5454-Ruth-Ave-94601/home/1307174,EBRD/CCAR/Bay East,40763762,N,Y,37.773595,-122.195458
PAST SALE,February-9-2017,Condo/Co-op,454 Persimmon Cmn #10,Livermore,CA,94551,634621,3,2.5,Livermore,1398,,2017,24,454,358,Sold,,,http://www.redfin.com/CA/Livermore/454-Persimmon-Cmn-94551/unit-10/home/112346525,EBRD/CCAR/Bay East,40765780,N,Y,37.703706,-121.793952
PAST SALE,February-7-2017,Condo/Co-op,3899 Camino Loop,Dublin,CA,94568,670000,2,2.5,Dublin,,,2016,26,,258,Sold,,,http://www.redfin.com/CA/Dublin/3899-Camino-Loop-94568/home/109235982,EBRD/CCAR/Bay East,40762884,N,Y,37.710256,-121.845573
PAST SALE,February-22-2017,Multi-Family (2-4 Unit),1021 Washington Ave,Albany,CA,94706,1735000,,,Albany,2920,5000,1948,11,594,,Sold,,,http://www.redfin.com/CA/Albany/1021-Washington-Ave-94706/home/1511500,EBRD/CCAR/Bay East,40770945,N,Y,37.8923226,-122.3003204
PAST SALE,February-21-2017,Single Family Residential,1373 Whispering Oaks Way,Pleasanton,CA,94566,1228000,4,2.5,Walnut Hills,2896,4963,2003,12,424,110,Sold,,,http://www.redfin.com/CA/Pleasanton/1373-Whispering-Oaks-Way-94566/home/1224722,EBRD/CCAR/Bay East,40768436,N,Y,37.654581,-121.893637
PAST SALE,February-22-2017,Single Family Residential,1042 Padua Way,Livermore,CA,94550,1090000,3,2.5,Kristopher Ranch,2543,8333,2002,11,429,,Sold,,,http://www.redfin.com/CA/Livermore/1042-Padua-Way-94550/home/1877662,EBRD/CCAR/Bay East,40767799,N,Y,37.649783,-121.785643
PAST SALE,February-22-2017,Condo/Co-op,10721 Wallace Ln,Dublin,CA,94568,700000,3,2.5,Ca Highlands,1387,,1997,11,505,325,Sold,,,http://www.redfin.com/CA/Dublin/10721-Wallace-Ln-94568/unit-76/home/1060222,EBRD/CCAR/Bay East,40767904,N,Y,37.699572,-121.957696
PAST SALE,February-22-2017,Single Family Residential,19926 Ricardo Ave,Hayward,CA,94541,480000,3,1.0,Lorenzo Manor,1090,5100,1952,11,440,,Sold,,,http://www.redfin.com/CA/Hayward/19926-Ricardo-Ave-94541/home/932204,EBRD/CCAR/Bay East,40767237,N,Y,37.6731369,-122.113335
PAST SALE,February-22-2017,Single Family Residential,3671 Madrone,Oakland,CA,94619,755000,2,2.0,Upper Laurel,1184,5050,1906,11,638,,Sold,,,http://www.redfin.com/CA/Oakland/3671-Madrone-Ave-94619/home/530914,EBRD/CCAR/Bay East,40769034,N,Y,37.787715,-122.192828
PAST SALE,February-22-2017,Single Family Residential,5438 Scenic Ave,Livermore,CA,94551,580000,3,2.0,Livermore,1108,6439,1965,11,523,,Sold,,,http://www.redfin.com/CA/Livermore/5438-Scenic-Ave-94551/home/926551,EBRD/CCAR/Bay East,40761696,N,Y,37.717269,-121.731335
PAST SALE,February-3-2017,Single Family Residential,2273 Bermuda Ave,San Leandro,CA,94577,606000,3,2.0,Marina Faire,1129,5310,1962,30,537,,Sold,,,http://www.redfin.com/CA/San-Leandro/2273-Bermuda-Ave-94577/home/1528998,EBRD/CCAR/Bay East,40764182,N,Y,37.696693,-122.176437
PAST SALE,February-17-2017,Townhouse,14745 Harold Ave,San Leandro,CA,94578,425000,2,2.0,Bradrick,1179,,1977,16,360,200,Sold,,,http://www.redfin.com/CA/San-Leandro/14745-Harold-Ave-94578/home/556178,EBRD/CCAR/Bay East,40767725,N,Y,37.697444,-122.13802
PAST SALE,February-24-2017,Single Family Residential,2766 Grant Ln,Alameda,CA,94501,1175000,4,3.5,Alameda,2510,2655,2015,9,468,152,Sold,,,http://www.redfin.com/CA/Alameda/2766-Grant-Ln-94501/home/95473446,San Francisco MLS,453485,N,Y,37.788826,-122.282232
PAST SALE,February-22-2017,Single Family Residential,820 Portal Ave,Oakland,CA,94610,1494000,3,2.0,Crocker Hghlands,1976,6063,1925,11,756,,Sold,,,http://www.redfin.com/CA/Oakland/820-Portal-Ave-94610/home/865235,EBRD/CCAR/Bay East,40765160,N,Y,37.813082,-122.229201
PAST SALE,February-22-2017,Single Family Residential,6591 Donlon Way,Dublin,CA,94568,1174385,3,2.5,Dublin,3128,4738,2016,11,375,155,Sold,,,http://www.redfin.com/CA/Dublin/6591-Donlon-Way-94568/home/108493860,EBRD/CCAR/Bay East,40751736,N,Y,37.700596,-121.937475
PAST SALE,February-22-2017,Single Family Residential,2100 Pleasant View Ln,Livermore,CA,94550,990000,4,3.5,Livermore,3356,20138,1979,11,295,,Sold,,,http://www.redfin.com/CA/Livermore/2100-Pleasant-View-Ln-94550/home/1750535,EBRD/CCAR/Bay East,40763135,N,Y,37.667448,-121.767049
PAST SALE,February-15-2017,Single Family Residential,317 N O St,Livermore,CA,94551,528000,3,1.5,Old North Side,942,5000,1915,18,561,,Sold,,,http://www.redfin.com/CA/Livermore/317-N-O-St-94551/home/699128,EBRD/CCAR/Bay East,40766053,N,Y,37.6837238,-121.7769119
PAST SALE,February-23-2017,Condo/Co-op,1121 40th St #2405,Emeryville,CA,94608,559000,2,2.0,Emeryville,1146,,2005,10,488,466,Sold,,,http://www.redfin.com/CA/Emeryville/1121-40th-St-94608/unit-2405/home/2112078,San Francisco MLS,451929,N,Y,37.8303607,-122.279351
PAST SALE,February-13-2017,Single Family Residential,1569 79Th Ave,Oakland,CA,94621,360000,2,1.0,East Oakland,896,3850,1922,20,402,,Sold,,,http://www.redfin.com/CA/Oakland/1569-79th-Ave-94621/home/573892,EBRD/CCAR/Bay East,40761433,N,Y,37.7586377,-122.1796652
PAST SALE,February-23-2017,Single Family Residential,3927 Canon Ave,Oakland,CA,94602,770000,2,1.0,Oakland,1136,4712,1941,10,678,,Sold,,,http://www.redfin.com/CA/Oakland/3927-Canon-Ave-94602/home/1508679,EBRD/CCAR/Bay East,40767776,N,Y,37.8036839,-122.217765
PAST SALE,February-23-2017,Single Family Residential,687 Mandana Blvd,Oakland,CA,94610,950000,2,1.0,Crocker Hghlands,1109,5750,1921,10,857,15,Sold,,,http://www.redfin.com/CA/Oakland/687-Mandana-Blvd-94610/home/1515620,EBRD/CCAR/Bay East,40765161,N,Y,37.810192,-122.237759
PAST SALE,February-26-2017,Single Family Residential,10887 Inspiration Cir,Dublin,CA,94568,1485000,5,4.5,Hansen Hill,4082,13608,2000,7,364,78,Sold,,,http://www.redfin.com/CA/Dublin/10887-Inspiration-Cir-94568/home/627978,EBRD/CCAR/Bay East,40771520,N,Y,37.707585,-121.958377
PAST SALE,February-16-2017,Single Family Residential,23240 JORGENSEN Ln,Hayward,CA,94541,557000,4,2.0,Hayward,1350,6400,1951,17,413,,Sold,,,http://www.redfin.com/CA/Hayward/23240-Jorgensen-Ln-94541/home/1525989,EBRD/CCAR/Bay East,40759961,N,Y,37.662121,-122.099456
PAST SALE,,Single Family Residential,5147 Camden St,Oakland,CA,94619,545000,3,1.0,,1296,10348,1923,,421,,,,,http://www.redfin.com/CA/Oakland/5147-Camden-St-94619/home/1398853,,,N,Y,37.779903,-122.191132
PAST SALE,February-14-2017,Single Family Residential,4972 Mohr Ave,Pleasanton,CA,94566,1075000,4,2.5,The Gates,2103,7246,1977,19,511,,Sold,,,http://www.redfin.com/CA/Pleasanton/4972-Mohr-Ave-94566/home/1138574,EBRD/CCAR/Bay East,40766692,N,Y,37.685803,-121.88433
PAST SALE,February-15-2017,Single Family Residential,4455 ENTRADA Dr,Pleasanton,CA,94566,915000,3,2.5,Downtown,2000,12273,1956,18,458,,Sold,,,http://www.redfin.com/CA/Pleasanton/4455-Entrada-Dr-94566/home/1989974,EBRD/CCAR/Bay East,40758090,N,Y,37.658102,-121.870438
PAST SALE,February-3-2017,Single Family Residential,6820 Lancaster Rd,Dublin,CA,94568,785000,3,2.0,Echo Park,1702,6616,1967,30,461,,Sold,,,http://www.redfin.com/CA/Dublin/6820-Lancaster-Rd-94568/home/2006082,EBRD/CCAR/Bay East,40766298,N,Y,37.71286,-121.919185
PAST SALE,February-24-2017,Condo/Co-op,1201 Pine St #458,Oakland,CA,94607,444000,1,1.0,Oakland West,739,,2009,9,601,274,Sold,,,http://www.redfin.com/CA/Oakland/1201-Pine-St-94607/unit-458/home/28635424,EBRD/CCAR/Bay East,40766824,N,Y,37.8128311,-122.3005557
PAST SALE,March-1-2017,Single Family Residential,754 Sequoia Dr,Livermore,CA,94551,800000,5,3.0,Northside,2153,6154,1962,4,372,,Sold,,,http://www.redfin.com/CA/Livermore/754-Sequoia-Dr-94551/home/699387,EBRD/CCAR/Bay East,40768334,N,Y,37.6851472,-121.7882253
PAST SALE,February-27-2017,Single Family Residential,1841 Bancroft Ave,San Leandro,CA,94577,543000,2,1.0,Lower Assumption,943,6625,1920,6,576,,Sold,,,http://www.redfin.com/CA/San-Leandro/1841-Bancroft-Ave-94577/home/1512574,EBRD/CCAR/Bay East,40768216,N,Y,37.722104,-122.146037
PAST SALE,March-1-2017,Single Family Residential,1080 Via Madrid,Livermore,CA,94550,700100,3,2.0,Sunset West,1133,6200,1959,4,618,,Sold,,,http://www.redfin.com/CA/Livermore/1080-Via-Madrid-94550/home/1924440,EBRD/CCAR/Bay East,40768450,N,Y,37.670531,-121.7819041
PAST SALE,February-23-2017,Condo/Co-op,288 Whitmore St #203,Oakland,CA,94611,450000,1,1.0,Rockridge,615,,1976,10,732,318,Sold,,,http://www.redfin.com/CA/Oakland/288-Whitmore-St-94611/unit-203B/home/999945,EBRD/CCAR/Bay East,40767896,N,Y,37.8337027,-122.2520389
PAST SALE,February-27-2017,Single Family Residential,885 54Th St,Oakland,CA,94608,730000,4,2.0,Santa Fe,1504,5400,1910,6,485,,Sold,,,http://www.redfin.com/CA/Oakland/885-54th-St-94608/home/1945690,EBRD/CCAR/Bay East,40768741,N,Y,37.838202,-122.272793
PAST SALE,February-27-2017,Single Family Residential,4811 Stacy St,Oakland,CA,94605,810000,4,2.5,Grass Valley,2015,6000,1955,6,402,,Sold,,,http://www.redfin.com/CA/Oakland/4811-Stacy-St-94605/home/631818,EBRD/CCAR/Bay East,40767228,N,Y,37.754243,-122.124405
PAST SALE,February-28-2017,Single Family Residential,3573 Carrillo Dr,San Leandro,CA,94578,565644,3,2.0,Alameda County,1555,5035,1955,5,364,,Sold,,,http://www.redfin.com/CA/San-Leandro/3573-Carrillo-Dr-94578/home/1812093,EBRD/CCAR/Bay East,40766259,N,Y,37.7009,-122.150714
PAST SALE,February-28-2017,Single Family Residential,752 Contra Costa Ave,Berkeley,CA,94707,1620000,4,3.0,Berkeley/Albany,,6240,1924,5,,,Sold,,,http://www.redfin.com/CA/Berkeley/752-Contra-Costa-Ave-94707/home/1259139,San Francisco MLS,451550,N,Y,37.8954164,-122.2771011
PAST SALE,February-28-2017,Single Family Residential,5188 Theresa Way,Livermore,CA,94550-2339,702000,3,2.0,Rhonewood Park,1318,6001,1972,5,533,31,Sold,,,http://www.redfin.com/CA/Livermore/5188-Theresa-Way-94550/home/1750707,EBRD/CCAR/Bay East,40767855,N,Y,37.6916962,-121.730441
PAST SALE,February-28-2017,Single Family Residential,3594 Deer Park Ct,HAYWARD,CA,94542,845000,4,3.0,HAYWARD,2552,8449,1972,5,331,,Sold,,,http://www.redfin.com/CA/Hayward/3594-Deer-Park-Ct-94542/home/779011,MLSListings,ML81635447,N,Y,37.6531476,-122.0278911
PAST SALE,February-28-2017,Single Family Residential,381 51st St,Oakland,CA,94618,1310000,3,2.0,Temescal,1695,2928,2016,5,773,,Sold,,,http://www.redfin.com/CA/Oakland/381-51st-St-94609/home/112926583,EBRD/CCAR/Bay East,40767961,N,Y,37.8363889,-122.2571068
PAST SALE,February-28-2017,Condo/Co-op,8170 MOUNTAIN VIEW Dr Unit C,Pleasanton,CA,94588,405000,1,1.0,Canyon Meadows,790,,1991,5,513,374,Sold,,,http://www.redfin.com/CA/Pleasanton/8170-Mountain-View-Dr-94588/unit-C/home/1604504,EBRD/CCAR/Bay East,40767377,N,Y,37.6966995,-121.95045
PAST SALE,February-28-2017,Single Family Residential,2244 48Th Ave,Oakland,CA,94601,335000,2,2.0,Melrose,946,6111,1904,5,354,,Sold,,,http://www.redfin.com/CA/Oakland/2244-48th-Ave-94601/home/2013715,EBRD/CCAR/Bay East,40765782,N,Y,37.7768749,-122.204155
PAST SALE,February-27-2017,Multi-Family (2-4 Unit),3006 Martin Luther King Jr Way,Berkeley,CA,94703,878000,4,2.0,Berkeley,1704,4733,1905,6,515,,Sold,,,http://www.redfin.com/CA/Berkeley/3006-Martin-Luther-King-Junior-Way-94703/home/1953681,EBRD/CCAR/Bay East,40762050,N,Y,37.853918,-122.271397
PAST SALE,February-28-2017,Condo/Co-op,817 E 28th St,Oakland,CA,94610,520000,3,2.0,Bella Vista Hill,1262,3460,1982,5,412,300,Sold,,,http://www.redfin.com/CA/Oakland/817-E-28th-St-94610/home/103460430,EBRD/CCAR/Bay East,40768043,N,Y,37.8026787,-122.2376041
PAST SALE,February-28-2017,Single Family Residential,2 Kofman Ct,Alameda,CA,94502,1500000,5,3.0,Woodbridge Bay,2569,7700,1987,5,584,181,Sold,,,http://www.redfin.com/CA/Alameda/2-Kofman-Ct-94502/home/743354,EBRD/CCAR/Bay East,40767843,N,Y,37.741735,-122.251535
PAST SALE,February-28-2017,Condo/Co-op,1087 Murrieta Blvd #134,Livermore,CA,94550,365000,2,2.0,Murrieta,955,,1974,5,382,430,Sold,,,http://www.redfin.com/CA/Livermore/1087-Murrieta-Blvd-94550/unit-134/home/1612979,EBRD/CCAR/Bay East,40767753,N,Y,37.675151,-121.781444
PAST SALE,February-28-2017,Vacant Land,6881 Sherwick,Berkeley,CA,94705,335000,,,Berkeley,,6920,,5,,,Sold,,,http://www.redfin.com/CA/Berkeley/6881-Sherwick-Dr-94705/home/22161529,EBRD/CCAR/Bay East,40748325,N,Y,37.8569456,-122.2239846
PAST SALE,February-3-2017,Single Family Residential,3145 Middleton St,Oakland,CA,94605,740000,3,2.0,Oakland,1964,5332,1947,30,377,8,Sold,,,http://www.redfin.com/CA/Oakland/3145-Middleton-St-94605/home/1458976,EBRD/CCAR/Bay East,40766229,N,Y,37.7326676,-122.1385082
PAST SALE,February-22-2017,Single Family Residential,2732 Gamble Ct,Hayward,CA,94542,590000,3,2.5,Skyview,2090,3534,1980,11,282,90,Sold,,,http://www.redfin.com/CA/Hayward/2732-Gamble-Ct-94542/home/1174793,EBRD/CCAR/Bay East,40766549,N,Y,37.6502539,-122.040684
PAST SALE,February-28-2017,Single Family Residential,4880 Merganser Ct,Pleasanton,CA,94566,1300000,4,2.5,Birdland,2253,11122,1968,5,577,,Sold,,,http://www.redfin.com/CA/Pleasanton/4880-Merganser-Ct-94566/home/1191994,EBRD/CCAR/Bay East,40769853,N,Y,37.679577,-121.882423
PAST SALE,February-28-2017,Single Family Residential,1467 Chaparral Way,Livermore,CA,94551,865000,5,3.0,Livermore,2140,6000,1998,5,404,,Sold,,,http://www.redfin.com/CA/Livermore/1467-Chapparral-Way-94551/home/1550477,EBRD/CCAR/Bay East,40769030,N,Y,37.7212869,-121.712489
PAST SALE,February-28-2017,Single Family Residential,9712 E St,Oakland,CA,94603,370000,2,1.0,Oakland,852,5000,1924,5,434,,Sold,,,http://www.redfin.com/CA/Oakland/9712-E-St-94603/home/1341940,EBRD/CCAR/Bay East,40767902,N,Y,37.742108,-122.176661
PAST SALE,February-28-2017,Single Family Residential,1918 Rosedale Ave,Oakland,CA,94601,530000,3,1.5,Fruitvale Area,1449,6760,1913,5,366,,Sold,,,http://www.redfin.com/CA/Oakland/1918-Rosedale-Ave-94601/home/1869780,EBRD/CCAR/Bay East,40765815,N,Y,37.777311,-122.213895
PAST SALE,February-17-2017,Single Family Residential,1812 10Th Ave,Oakland,CA,94606,682000,4,2.0,Oakland,2499,4607,1900,16,273,,Sold,,,http://www.redfin.com/CA/Oakland/1812-10th-Ave-94606/home/533098,EBRD/CCAR/Bay East,40769281,N,Y,37.794761,-122.245482
PAST SALE,February-28-2017,Single Family Residential,3066 Suter St,Oakland,CA,94602,460000,2,1.0,Alameda County,1141,3500,1919,5,403,,Sold,,,http://www.redfin.com/CA/Oakland/3066-Suter-St-94602/home/1607015,BAREIS,21701262,N,Y,37.7954442,-122.2098597
PAST SALE,February-28-2017,Single Family Residential,1340 Drake Ave,San Leandro,CA,94579,576000,3,1.5,Washington Manor,1519,5035,1951,5,379,,Sold,,,http://www.redfin.com/CA/San-Leandro/1340-Drake-Ave-94579/home/1513395,EBRD/CCAR/Bay East,40767981,N,Y,37.696744,-122.154773
PAST SALE,February-24-2017,Single Family Residential,857 N L St,Livermore,CA,94551,617000,3,2.0,North Side,1496,7500,1943,9,412,,Sold,,,http://www.redfin.com/CA/Livermore/857-N-L-St-94551/home/879382,EBRD/CCAR/Bay East,40767653,N,Y,37.6900407,-121.7757646
PAST SALE,February-28-2017,Single Family Residential,649 Hemlock Ct,Livermore,CA,94551,755000,4,2.0,Summerset,1787,6632,1969,5,422,,Sold,,,http://www.redfin.com/CA/Livermore/649-Hemlock-Ct-94551/home/886362,EBRD/CCAR/Bay East,40767771,N,Y,37.685371,-121.793755
PAST SALE,February-24-2017,Single Family Residential,3233 Ardley Ave,Oakland,CA,94602,682000,2,2.0,Oakland,1239,5176,1927,9,550,,Sold,,,http://www.redfin.com/CA/Oakland/3233-Ardley-Ave-94602/home/1803390,EBRD/CCAR/Bay East,40768147,N,Y,37.7994963,-122.2246929
PAST SALE,February-28-2017,Townhouse,1863 MONTEREY Dr,Livermore,CA,94551,470000,3,2.5,Spring Valley,1274,1140,1986,5,369,320,Sold,,,http://www.redfin.com/CA/Livermore/1863-Monterey-Dr-94551/home/1876370,EBRD/CCAR/Bay East,40768257,N,Y,37.712605,-121.7485
PAST SALE,March-1-2017,Single Family Residential,633 Hacienda Ave,San Lorenzo,CA,94580,560000,3,1.0,Alameda County,1134,6791,1947,4,494,11,Sold,,,http://www.redfin.com/CA/San-Lorenzo/633-Hacienda-Ave-94580/home/971170,BAREIS,21702240,N,Y,37.673739,-122.125305
PAST SALE,February-28-2017,Single Family Residential,7288 Kenwood Rd,Dublin,CA,94568,1170247,4,4.0,Dublin,3106,3098,2016,5,377,250,Sold,,,http://www.redfin.com/CA/Dublin/7288-Kenwood-Rd-94568/home/110055740,EBRD/CCAR/Bay East,40764486,N,Y,37.73705,-121.875396
PAST SALE,February-28-2017,Single Family Residential,6422 Broadway Ter,Oakland,CA,94618,1138000,3,2.5,Upper Rockridge,1766,6090,1994,5,644,,Sold,,,http://www.redfin.com/CA/Oakland/6422-Broadway-Ter-94618/home/537092,EBRD/CCAR/Bay East,40768031,N,Y,37.842971,-122.228256
PAST SALE,February-28-2017,Townhouse,25943 Dollar St,Hayward,CA,94544,660000,4,3.5,Hayward,1921,,2016,5,344,240,Sold,,,http://www.redfin.com/CA/Hayward/25943-Dollar-St-94544/home/110225542,EBRD/CCAR/Bay East,40764635,N,Y,37.6516637,-122.0688937
PAST SALE,February-27-2017,Single Family Residential,1317 Homestead Ln,HAYWARD,CA,94545,585000,3,2.0,HAYWARD,1268,5005,1956,6,461,,Sold,,,http://www.redfin.com/CA/Hayward/1317-Homestead-Ln-94545/home/1006401,MLSListings,ML81631803,N,Y,37.640862,-122.093683
PAST SALE,February-8-2017,Condo/Co-op,25941 Dollar St,Hayward,CA,94544,640000,3,2.5,Hayward,1817,,2016,25,352,240,Sold,,,http://www.redfin.com/CA/Hayward/25941-Dollar-St-94544/home/108564365,EBRD/CCAR/Bay East,40764608,N,Y,37.6516736,-122.0689021
PAST SALE,February-9-2017,Townhouse,5410 Montalvo Ct,Pleasanton,CA,94588,690000,2,2.5,Gold Creek,1501,2125,1990,24,460,375,Sold,,,http://www.redfin.com/CA/Pleasanton/5410-Montalvo-Ct-94588/home/1176698,EBRD/CCAR/Bay East,40764743,N,Y,37.689417,-121.926746
PAST SALE,,Vacant Land,Lockhart St,Dublin,CA,94568,755000,,,,,17940,,,,,,,,http://www.redfin.com/CA/Dublin/Lockhart-St-94568/home/108441524,,,N,Y,37.7061,-121.859
PAST SALE,February-8-2017,Condo/Co-op,1511 Jefferson St Ph 11,Oakland,CA,94612,518000,1,1.0,Uptown,635,,2007,25,816,445,Sold,,,http://www.redfin.com/CA/Oakland/1511-Jefferson-St-94612/unit-11/home/12116305,EBRD/CCAR/Bay East,40765121,N,Y,37.8068727,-122.2744844
PAST SALE,February-6-2017,Single Family Residential,1225 Pine St,Oakland,CA,94607,550000,1,1.5,West Oak,1139,,2009,27,483,333,Sold,,,http://www.redfin.com/CA/Oakland/1225-Pine-St-94607/home/22961892,EBRD/CCAR/Bay East,40768021,N,Y,37.8128179,-122.300281
PAST SALE,February-7-2017,Condo/Co-op,1 Lakeside Dr #1606,Oakland,CA,94612,495000,1,1.0,Oakland,666,,2001,26,743,578,Sold,,,http://www.redfin.com/CA/Oakland/1-Lakeside-Dr-94612/unit-1606/home/1798576,San Francisco MLS,451818,N,Y,37.8042136,-122.2615013
PAST SALE,February-24-2017,Single Family Residential,3951 Altamont Ave,Oakland,CA,94605,682000,3,4.0,Millsmont Area,1684,6250,1925,9,405,,Sold,,,http://www.redfin.com/CA/Oakland/3951-Altamont-Ave-94605/home/1888823,EBRD/CCAR/Bay East,40767406,N,Y,37.77585,-122.168875
PAST SALE,February-14-2017,Multi-Family (2-4 Unit),730 Pacific Ave,Alameda,CA,94501,1110000,4,4.0,Alameda,3452,5720,1896,19,322,,Sold,,,http://www.redfin.com/CA/Alameda/730-Pacific-Ave-94501/home/1408031,EBRD/CCAR/Bay East,40769416,N,Y,37.7759659,-122.275277
PAST SALE,February-28-2017,Single Family Residential,7120 Atlas Peak Dr,Dublin,CA,94568,1358880,5,4.0,Dublin,3949,5378,2016,5,344,250,Sold,,,http://www.redfin.com/CA/Dublin/7120-Atlas-Peak-Dr-94568/home/112478742,EBRD/CCAR/Bay East,40766002,N,Y,37.7343567,-121.8748717
PAST SALE,February-17-2017,Single Family Residential,1513 Aria Ct,Livermore,CA,94550,1115000,5,4.0,Prima,3837,14928,2000,16,291,,Sold,,,http://www.redfin.com/CA/Livermore/1513-Aria-Ct-94550/home/1149595,EBRD/CCAR/Bay East,40763064,N,Y,37.660496,-121.804962
PAST SALE,February-23-2017,Single Family Residential,11698 Serra Ct,Dublin,CA,94568,917000,4,2.5,Silvergate,2039,9991,1964,10,450,,Sold,,,http://www.redfin.com/CA/Dublin/11698-Serra-Ct-94568/home/1163558,EBRD/CCAR/Bay East,40761732,N,Y,37.7109894,-121.9438473
PAST SALE,March-1-2017,Single Family Residential,5673 Moreland Way,Livermore,CA,94550,1155000,6,4.0,Dunsmuir,3414,10000,2004,4,338,100,Sold,,,http://www.redfin.com/CA/Livermore/5673-Moreland-Way-94550/home/1979906,EBRD/CCAR/Bay East,40765446,N,Y,37.6733784,-121.7238321
PAST SALE,,Multi-Family (2-4 Unit),123 17th St,Oakland,CA,94612,7000000,8,24.0,,11234,5000,1912,,623,,,,,http://www.redfin.com/CA/Oakland/123-17th-St-94612/home/1399912,,,N,Y,37.803785,-122.2618525
PAST SALE,February-7-2017,Single Family Residential,676 45Th St,Oakland,CA,94609,750000,4,2.0,Nobe,1812,5000,1920,26,414,,Sold,,,http://www.redfin.com/CA/Oakland/676-45th-St-94609/home/1421596,EBRD/CCAR/Bay East,40766297,N,Y,37.8338972,-122.2682449
PAST SALE,February-7-2017,Single Family Residential,8819 D St,Oakland,CA,94621,385000,4,2.5,Kinsell Tract,1730,2750,2004,26,223,,Sold,,,http://www.redfin.com/CA/Oakland/8819-D-St-94621/home/2040599,EBRD/CCAR/Bay East,40754012,N,Y,37.7484124,-122.1805851
PAST SALE,,Single Family Residential,1027 103rd Ave,Oakland,CA,94603,190500,3,1.0,,1280,5360,1941,,149,,,,,http://www.redfin.com/CA/Oakland/1027-103rd-Ave-94603/home/1166743,,,N,Y,37.738165,-122.173136
PAST SALE,,Single Family Residential,9894 Saint Elmo Dr,Oakland,CA,94603,160000,2,1.0,,825,4056,1943,,194,,,,,http://www.redfin.com/CA/Oakland/9894-Saint-Elmo-Dr-94603/home/2029921,,,N,Y,37.732132,-122.185067
PAST SALE,February-17-2017,Single Family Residential,11455 LOCHARD St,Oakland,CA,94605,990000,6,4.5,Chabot Estates,4699,61419,1994,16,211,84,Sold,,,http://www.redfin.com/CA/Oakland/11455-Lochard-St-94605/home/1078507,EBRD/CCAR/Bay East,40752387,N,Y,37.744045,-122.130882
PAST SALE,February-3-2017,Single Family Residential,23047 Stonewall Ave,Hayward,CA,94541,600000,4,2.0,Winton Grove,1404,5278,1956,30,427,,Sold,,,http://www.redfin.com/CA/Hayward/23047-Stonewall-Ave-94541/home/984659,EBRD/CCAR/Bay East,40763779,N,Y,37.657458,-122.109598
PAST SALE,February-8-2017,Single Family Residential,25913 REGAL Ave,Hayward,CA,94544,430000,3,1.0,Schafer Park,1042,7521,1952,25,413,,Sold,,,http://www.redfin.com/CA/Hayward/25913-Regal-Ave-94544/home/1011671,EBRD/CCAR/Bay East,40768846,N,Y,37.646899,-122.085655
PAST SALE,,Vacant Land,2690 Alliston Loop,Dublin,CA,94568,866000,,,,,2489,,,,,,,,http://www.redfin.com/CA/Dublin/2690-Alliston-Loop-94568/home/110308872,,,N,Y,37.7099,-121.854
PAST SALE,February-3-2017,Single Family Residential,24902 Broadmore Ave,Hayward,CA,94544,560000,3,2.0,Parkmead,1026,5040,1958,30,546,,Sold,,,http://www.redfin.com/CA/Hayward/24902-Broadmore-Ave-94544/home/2007710,EBRD/CCAR/Bay East,40766159,N,Y,37.649003,-122.094025
PAST SALE,February-24-2017,Single Family Residential,5947 Highwood Rd,Castro Valley,CA,94552,1018000,5,2.0,Greenridge,1979,8840,1963,9,514,,Sold,,,http://www.redfin.com/CA/Castro-Valley/5947-Highwood-Rd-94552/home/1835265,EBRD/CCAR/Bay East,40768499,N,Y,37.7162771,-122.0471434
PAST SALE,February-15-2017,Single Family Residential,1092 KEITH Ave,Berkeley,CA,94708,785000,3,2.0,Berkeley Hills,2000,4645,1927,18,393,,Sold,,,http://www.redfin.com/CA/Berkeley/1092-Keith-Ave-94708/home/1912032,EBRD/CCAR/Bay East,40746764,N,Y,37.890397,-122.262134
PAST SALE,February-27-2017,Condo/Co-op,555 Pierce St #1432,Albany,CA,94706,374000,1,1.0,Berkeley/Albany,857,,1977,6,436,430,Sold,,,http://www.redfin.com/CA/Albany/555-Pierce-St-94706/unit-1432/home/1144888,San Francisco MLS,453517,N,Y,37.8945487,-122.3066101
PAST SALE,February-3-2017,Mobile/Manufactured Home,883 SUNDIAL Cir Unit Good,Livermore,CA,94551,160000,3,2.0,Livermore,1140,,,30,140,,Sold,,,http://www.redfin.com/CA/Livermore/883-Sundial-Cir-94551/unit-Good/home/112836141,EBRD/CCAR/Bay East,40766465,N,Y,37.7052765,-121.7350966
PAST SALE,February-17-2017,Condo/Co-op,3771 Finnian Way,Dublin,CA,94568,650000,3,3.5,Dublin,1634,,2004,16,398,210,Sold,,,http://www.redfin.com/CA/Dublin/3771-Finnian-Way-94568/home/1237407,EBRD/CCAR/Bay East,40766477,N,Y,37.707944,-121.868042
PAST SALE,February-14-2017,Single Family Residential,1315 Lambaren Ave,Livermore,CA,94551-8138,470000,3,1.0,Northside,982,5000,1952,19,479,,Sold,,,http://www.redfin.com/CA/Livermore/1315-Lambaren-Ave-94551/home/1530487,EBRD/CCAR/Bay East,40763455,N,Y,37.681977,-121.781168
PAST SALE,February-21-2017,Single Family Residential,,San Leandro,CA,94578,513000,2,1.0,Bay Fair,1120,4800,1948,12,458,,Sold,,,http://www.redfin.com/CA/SAN-LORENZO/Undisclosed-address-94580/home/930829,EBRD/CCAR/Bay East,40766520,N,Y,37.707375,-122.126088
PAST SALE,February-3-2017,Single Family Residential,1451 142Nd Ave,San Leandro,CA,94578,505000,2,1.0,North Bal,816,6586,1942,30,619,,Sold,,,http://www.redfin.com/CA/San-Leandro/1451-142nd-Ave-94578/home/781050,EBRD/CCAR/Bay East,40766530,N,Y,37.7130451,-122.1378225
PAST SALE,February-24-2017,Single Family Residential,16603 Columbia Dr,Castro Valley,CA,94552,1005000,5,3.0,Columbia,2830,6800,1988,9,355,48,Sold,,,http://www.redfin.com/CA/Castro-Valley/16603-Columbia-Dr-94552/home/1974511,EBRD/CCAR/Bay East,40766554,N,Y,37.732891,-122.059908
PAST SALE,February-7-2017,Single Family Residential,4537 Sargent Ave,Castro Valley,CA,94546,555000,2,1.0,Upper Center,748,9685,1945,26,742,,Sold,,,http://www.redfin.com/CA/Castro-Valley/4537-Sargent-Ave-94546/home/636534,EBRD/CCAR/Bay East,40766548,N,Y,37.702371,-122.063405
PAST SALE,February-8-2017,Single Family Residential,224 Oakes Blvd,San Leandro,CA,94577,660000,2,1.0,Dutton Orchard,1256,4720,1925,25,525,,Sold,,,http://www.redfin.com/CA/San-Leandro/224-Oakes-Blvd-94577/home/791325,EBRD/CCAR/Bay East,40766482,N,Y,37.731622,-122.156549
PAST SALE,February-17-2017,Multi-Family (2-4 Unit),1551 Santa Clara,Alameda,CA,94501,970000,3,5.0,Alameda,2282,8112,1900,16,425,,Sold,,,http://www.redfin.com/CA/Alameda/1551-Santa-Clara-Ave-94501/home/725707,EBRD/CCAR/Bay East,40752292,N,Y,37.772701,-122.258033
PAST SALE,February-3-2017,Single Family Residential,25409 Modoc Ct,Hayward,CA,94542,820000,4,3.0,Hayward Hills,2931,14788,1949,30,280,,Sold,,,http://www.redfin.com/CA/Hayward/25409-Modoc-Ct-94542/home/998166,EBRD/CCAR/Bay East,40764248,N,Y,37.6610968,-122.0601474
PAST SALE,February-28-2017,Single Family Residential,13541 Campus Dr,Oakland,CA,94605,1932030,4,4.5,Ridgemont,,16278,2016,5,,,Sold,,,http://www.redfin.com/CA/Oakland/13541-Campus-Dr-94619/home/22671266,EBRD/CCAR/Bay East,40763537,N,Y,37.781652,-122.15804
PAST SALE,February-24-2017,Single Family Residential,705 Nightingale St,Livermore,CA,94551,600000,4,2.0,Livermore,,6032,1965,9,,,Sold,,,http://www.redfin.com/CA/Livermore/705-Nightingale-St-94551/home/1781055,EBRD/CCAR/Bay East,40767324,N,Y,37.6861109,-121.789134
PAST SALE,March-3-2017,Single Family Residential,5235 Salerno Dr,Dublin,CA,94568,1250000,4,3.0,Dublin Ranch,2886,6965,2012,2,433,86,Sold,,,http://www.redfin.com/CA/Dublin/5235-Salerno-Dr-94568/home/40087318,EBRD/CCAR/Bay East,40767603,N,Y,37.72107,-121.84933
PAST SALE,,Single Family Residential,1090 Siler Pl,Berkeley,CA,94705,1529000,3,2.0,,3017,6184,2008,,507,,,,,http://www.redfin.com/CA/Berkeley/1090-Siler-Pl-94705/home/22718446,,,N,Y,37.862476,-122.232977
PAST SALE,February-5-2017,Single Family Residential,2220 OCEANSIDE Way,San Leandro,CA,94579,709000,4,2.5,Heron Bay,1923,3641,1999,28,369,80,Sold,,,http://www.redfin.com/CA/San-Leandro/2220-Oceanside-Way-94579/home/1469783,EBRD/CCAR/Bay East,40769391,N,Y,37.6770831,-122.1577456
PAST SALE,February-8-2017,Single Family Residential,486 Olive St,San Leandro,CA,94578,450000,2,1.0,San Leandro,865,5022,1947,25,520,,Sold,,,http://www.redfin.com/CA/San-Leandro/486-Olive-St-94578/home/773255,EBRD/CCAR/Bay East,40766544,N,Y,37.6983856,-122.13129
PAST SALE,March-1-2017,Single Family Residential,21925 Ada St,Castro Valley,CA,94546,540000,2,1.0,Bay Wood,906,6480,1948,4,596,,Sold,,,http://www.redfin.com/CA/Hayward/21925-Ada-St-94546/home/1208518,EBRD/CCAR/Bay East,40765969,N,Y,37.687285,-122.074751
PAST SALE,February-14-2017,Single Family Residential,2954 Liberty Dr,Pleasanton,CA,94566,718000,3,2.0,Shadow Cliff,1135,3600,1988,19,633,37,Sold,,,http://www.redfin.com/CA/Pleasanton/2954-Liberty-Dr-94566/home/2035715,EBRD/CCAR/Bay East,40765867,N,Y,37.667358,-121.846167
PAST SALE,February-16-2017,Single Family Residential,338 Amador Ct,Pleasanton,CA,94566,770000,3,2.0,Downtown,1675,6703,1952,17,460,,Sold,,,http://www.redfin.com/CA/Pleasanton/338-Amador-Ct-94566/home/1313745,EBRD/CCAR/Bay East,40764961,N,Y,37.662241,-121.864545
PAST SALE,February-16-2017,Single Family Residential,22 Veteran Way,Oakland,CA,94602,900000,2,1.5,Glenview,1654,3015,1934,17,544,,Sold,,,http://www.redfin.com/CA/Oakland/22-Veteran-Way-94602/home/1483305,EBRD/CCAR/Bay East,40767447,N,Y,37.801422,-122.217739
PAST SALE,March-1-2017,Condo/Co-op,4236 Fitzwilliam St,Dublin,CA,94568,645000,3,2.5,Dublin Ranch Vlg,1897,,2006,4,340,245,Sold,,,http://www.redfin.com/CA/Dublin/4236-Fitzwilliam-St-94568/home/2114673,EBRD/CCAR/Bay East,40766134,N,Y,37.706792,-121.863308
PAST SALE,February-3-2017,Single Family Residential,14145 Trinidad Rd,San Leandro,CA,94577,650000,3,2.0,Maria Fair,1336,5400,1961,30,487,,Sold,,,http://www.redfin.com/CA/San-Leandro/14145-Trinidad-Rd-94577/home/803743,EBRD/CCAR/Bay East,40766812,N,Y,37.695421,-122.177975
PAST SALE,February-14-2017,Single Family Residential,1063 60th St,Oakland,CA,94608,1110000,3,2.5,Nobe,1786,3830,1900,19,622,,Sold,,,http://www.redfin.com/CA/Oakland/1063-60th-St-94608/home/112846654,EBRD/CCAR/Bay East,40766606,N,Y,37.8433068,-122.2818102
PAST SALE,February-20-2017,Single Family Residential,,Oakland,CA,94605,645000,3,1.0,Millsmont Area,1524,4066,1924,13,423,,Sold,,,http://www.redfin.com/CA/Oakland/Undisclosed-address-94605/home/565490,EBRD/CCAR/Bay East,40766174,N,Y,37.774961,-122.186756
PAST SALE,February-8-2017,Condo/Co-op,438 W Grand Ave #617,Oakland,CA,94612,625000,1,1.0,Uptown,802,,2008,25,779,455,Sold,,,http://www.redfin.com/CA/Oakland/438-W-Grand-Ave-94612/unit-617/home/22683021,EBRD/CCAR/Bay East,40766864,N,Y,37.8118317,-122.267668
PAST SALE,February-22-2017,Single Family Residential,17714 Trenton Dr,Castro Valley,CA,94546,750000,3,2.0,Beaumont Estates,1826,7150,1961,11,411,,Sold,,,http://www.redfin.com/CA/Castro-Valley/17714-Trenton-Dr-94546/home/1631824,EBRD/CCAR/Bay East,40766274,N,Y,37.716792,-122.066642
PAST SALE,February-23-2017,Single Family Residential,5889 San Juan Way,Pleasanton,CA,94566,1100000,4,2.5,Pleasanton,2245,7280,1980,10,490,,Sold,,,http://www.redfin.com/CA/Pleasanton/5889-San-Juan-Way-94566/home/1743664,EBRD/CCAR/Bay East,40762326,N,Y,37.646464,-121.877837
PAST SALE,February-14-2017,Single Family Residential,3437 66Th Ave,Oakland,CA,94605,563000,2,1.0,Oakland,1014,4410,1924,19,555,,Sold,,,http://www.redfin.com/CA/Oakland/3437-66th-Ave-94605/home/564826,EBRD/CCAR/Bay East,40766842,N,Y,37.7736599,-122.1767447
PAST SALE,February-28-2017,Single Family Residential,2129 Church St,Oakland,CA,94621,290000,3,1.0,Havenscourt,1152,3800,1924,5,252,,Sold,,,http://www.redfin.com/CA/Oakland/2129-Church-St-94621/home/569494,EBRD/CCAR/Bay East,40767479,N,Y,37.7656008,-122.1838738
PAST SALE,February-17-2017,Townhouse,19 Ambler Ln,Oakland,CA,94608,725000,2,2.0,Oakland,1500,688,2005,16,483,175,Sold,,,http://www.redfin.com/CA/Oakland/19-Ambler-Ln-94608/home/17187245,EBRD/CCAR/Bay East,40767279,N,Y,37.8228304,-122.2879562
PAST SALE,February-22-2017,Single Family Residential,20192 Wisteria,Castro Valley,CA,94546-4125,550000,3,1.0,Castro Valley,,5640,1937,11,,,Sold,,,http://www.redfin.com/CA/Castro-Valley/20192-Wisteria-St-94546/home/821030,EBRD/CCAR/Bay East,40767497,N,Y,37.698053,-122.085504
PAST SALE,February-22-2017,Single Family Residential,352 Helen Way,Livermore,CA,94550,669000,3,2.0,Sunset West,1554,6000,1971,11,431,,Sold,,,http://www.redfin.com/CA/Livermore/352-Helen-Way-94550/home/2032083,EBRD/CCAR/Bay East,40765987,N,Y,37.674477,-121.792765
PAST SALE,March-1-2017,Condo/Co-op,1201 Pine St #118,Oakland,CA,94607,468000,1,1.0,Central Station-Pacific Cannery,843,,2009,4,555,289,Sold,,,http://www.redfin.com/CA/Oakland/1201-Pine-St-94607/unit-118/home/22961823,EBRD/CCAR/Bay East,40767460,N,Y,37.8128311,-122.3005557
PAST SALE,February-9-2017,Single Family Residential,668 Brookwood Pl,Oakland,CA,94610,1012000,3,2.0,Trestle Glen,1891,6000,1922,24,535,,Sold,,,http://www.redfin.com/CA/Oakland/668-Brookwood-Pl-94610/home/536143,EBRD/CCAR/Bay East,40766026,N,Y,37.809007,-122.241849
PAST SALE,February-22-2017,Condo/Co-op,795 Taft Ave Unit A,Albany,CA,94706,848000,3,2.0,Albany,1522,,1978,11,557,370,Sold,,,http://www.redfin.com/CA/Albany/795-Taft-St-94706/unit-A/home/112905406,EBRD/CCAR/Bay East,40767514,N,Y,37.892833,-122.3036514
PAST SALE,February-23-2017,Single Family Residential,628 Zircon Way,Livermore,CA,94550,750000,4,2.0,Tempo,1376,7612,1967,10,545,,Sold,,,http://www.redfin.com/CA/Livermore/628-Zircon-Way-94550/home/1257486,EBRD/CCAR/Bay East,40767527,N,Y,37.669404,-121.801071
PAST SALE,February-21-2017,Condo/Co-op,311 Oak St #325,Oakland,CA,94607-4617,789000,2,2.0,Jack London,1620,,2003,12,487,586,Sold,,,http://www.redfin.com/CA/Oakland/311-Oak-St-94607/unit-325/home/22794557,EBRD/CCAR/Bay East,40762501,N,Y,37.7940718,-122.2679829
PAST SALE,February-17-2017,Condo/Co-op,247 4th St #303,Oakland,CA,94607,630000,1,1.0,Jack London Sq,1118,,1923,16,564,538,Sold,,,http://www.redfin.com/CA/Oakland/247-4th-St-94607/unit-303/home/22963350,EBRD/CCAR/Bay East,40766839,N,Y,37.795206,-122.2704964
PAST SALE,February-14-2017,Single Family Residential,3012 Eastman Ave,Oakland,CA,94619,570000,2,1.0,Allendale,924,3200,1926,19,617,,Sold,,,http://www.redfin.com/CA/Oakland/3012-Eastman-Ave-94619/home/1329732,EBRD/CCAR/Bay East,40766837,N,Y,37.7857146,-122.2016373
PAST SALE,February-17-2017,Condo/Co-op,6464 Forget Me Not Cmn,Livermore,CA,94551,430000,2,2.5,Creekside,1225,,2004,16,351,285,Sold,,,http://www.redfin.com/CA/Livermore/6464-Forget-Me-Not-94551/home/1353099,EBRD/CCAR/Bay East,40767220,N,Y,37.714295,-121.721988
PAST SALE,February-22-2017,Single Family Residential,18239 Maffey Dr,Castro Valley,CA,94546,820000,4,2.5,Proctor,1906,11346,1961,11,430,,Sold,,,http://www.redfin.com/CA/Castro-Valley/18239-Maffey-Dr-94546/home/1967809,EBRD/CCAR/Bay East,40767124,N,Y,37.7126263,-122.0757105
PAST SALE,February-17-2017,Single Family Residential,1620 San Jose Ave,Alameda,CA,94501,1275000,3,2.5,Gold Coast,1964,7200,1918,16,649,,Sold,,,http://www.redfin.com/CA/Alameda/1620-San-Jose-Ave-94501/home/1808933,EBRD/CCAR/Bay East,40766500,N,Y,37.766969,-122.260341
PAST SALE,February-14-2017,Condo/Co-op,238 WOOD St #703,Livermore,CA,94550,555000,2,2.5,Livermore,1420,,2004,19,391,334,Sold,,,http://www.redfin.com/CA/Livermore/238-Wood-St-94550/unit-703/home/2112205,EBRD/CCAR/Bay East,40759472,N,Y,37.6843159,-121.7628701
PAST SALE,February-17-2017,Single Family Residential,671 Meek Ave,Hayward,CA,94541,522000,2,1.0,Hayward,,7784,1927,16,,,Sold,,,http://www.redfin.com/CA/Hayward/671-Meek-Ave-94541/home/1925325,EBRD/CCAR/Bay East,40752543,N,Y,37.664098,-122.083978
PAST SALE,February-24-2017,Single Family Residential,2951 Patcham Cmn,Livermore,CA,94550,681354,4,3.5,Livermore,1915,1449,2016,9,356,97,Sold,,,http://www.redfin.com/CA/Livermore/2951-Patcham-Cmn-94550/home/109276025,EBRD/CCAR/Bay East,40760506,N,Y,37.685378,-121.762255
PAST SALE,February-10-2017,Townhouse,418 Persimmon Cmn #8,Livermore,CA,94551,695000,3,2.5,Livermore,1667,,2016,23,417,358,Sold,,,http://www.redfin.com/CA/Livermore/418-Persimmon-Cmn-94551/unit-8/home/109321224,EBRD/CCAR/Bay East,40767224,N,Y,37.7031335,-121.7923367
PAST SALE,February-9-2017,Single Family Residential,3311 Viola St,Oakland,CA,94619,590000,3,2.0,High/38th,1068,5000,1947,24,552,,Sold,,,http://www.redfin.com/CA/Oakland/3311-Viola-St-94619/home/108272820,EBRD/CCAR/Bay East,40766999,N,Y,37.79007,-122.202346
PAST SALE,February-24-2017,Single Family Residential,2239 Moody Way,Hayward,CA,94545,700000,3,2.5,Mt Eden,1532,4030,1991,9,457,,Sold,,,http://www.redfin.com/CA/Hayward/2239-Moody-Way-94545/home/1947732,EBRD/CCAR/Bay East,40766836,N,Y,37.6424292,-122.1147451
PAST SALE,February-22-2017,Single Family Residential,1580 Hollyhock St,Livermore,CA,94551,589000,2,2.0,Springtown,1280,6101,1963,11,460,30,Sold,,,http://www.redfin.com/CA/Livermore/1580-Hollyhock-St-94551/home/854771,EBRD/CCAR/Bay East,40767123,N,Y,37.713195,-121.742236
PAST SALE,February-28-2017,Condo/Co-op,4502 SANDYFORD Ct,Dublin,CA,94568-7838,615000,2,2.5,Dublin Green,1276,,2000,5,482,185,Sold,,,http://www.redfin.com/CA/Dublin/4502-Sandyford-Ct-94568/home/1996022,EBRD/CCAR/Bay East,40765946,N,Y,37.705997,-121.875699
PAST SALE,February-22-2017,Single Family Residential,220 Kottinger Dr,Pleasanton,CA,94566,762500,2,1.0,Downtown Pleas.,869,3056,1993,11,877,,Sold,,,http://www.redfin.com/CA/Pleasanton/220-Kottinger-Dr-94566/home/1392610,EBRD/CCAR/Bay East,40767130,N,Y,37.6620289,-121.86979
PAST SALE,February-22-2017,Single Family Residential,5433 Desiree Ave,Livermore,CA,94550,685000,3,2.0,Rancho Arroyo,1475,8222,1985,11,464,,Sold,,,http://www.redfin.com/CA/Livermore/5433-Desiree-Ave-94550/home/1661696,EBRD/CCAR/Bay East,40767144,N,Y,37.69259,-121.726069
PAST SALE,February-27-2017,Multi-Family (2-4 Unit),2041 High St,Oakland,CA,94601,750000,5,3.0,Oakland,1774,5200,1913,6,423,,Sold,,,http://www.redfin.com/CA/Oakland/2041-High-St-94601/home/1936817,EBRD/CCAR/Bay East,40766532,N,Y,37.7767259,-122.210158
PAST SALE,February-17-2017,Townhouse,1307 Chateau Cmn,Livermore,CA,94550,625000,3,2.5,Chateau Commons,1385,2911,1989,16,451,325,Sold,,,http://www.redfin.com/CA/Livermore/1307-Chateau-Cmn-94550/home/1792487,EBRD/CCAR/Bay East,40767214,N,Y,37.671814,-121.755693
PAST SALE,February-10-2017,Single Family Residential,706 Hazel St,Livermore,CA,94550,655000,4,2.0,Valley East,1396,6600,1971,23,469,,Sold,,,http://www.redfin.com/CA/Livermore/706-Hazel-St-94550/home/1975818,EBRD/CCAR/Bay East,40767121,N,Y,37.6890064,-121.730996
PAST SALE,March-1-2017,Condo/Co-op,3490 Capoterra Way,Dublin,CA,94568,910000,4,3.5,Dublin Ranch,3012,,2010,4,302,414,Sold,,,http://www.redfin.com/CA/Dublin/3490-Capoterra-Way-94568/home/22963206,EBRD/CCAR/Bay East,40767275,N,Y,37.710257,-121.864479
PAST SALE,February-27-2017,Single Family Residential,375 B St,Hayward,CA,94541,775000,3,3.0,Hayward,1835,2487,2015,6,422,121,Sold,,,http://www.redfin.com/CA/Hayward/375-B-St-94541/home/95473674,EBRD/CCAR/Bay East,40767398,N,Y,37.6679317,-122.0939475
PAST SALE,February-17-2017,Single Family Residential,1655 Willow Ave,San Leandro,CA,94579,578000,3,2.0,Bonaire,1441,5130,1953,16,401,,Sold,,,http://www.redfin.com/CA/San-Leandro/1655-Willow-Ave-94579/home/1989183,EBRD/CCAR/Bay East,40767258,N,Y,37.6967328,-122.1588841
PAST SALE,February-28-2017,Townhouse,4118 Ravenwood Pl,Castro Valley,CA,94546,579000,4,2.5,Ravenwood,1453,943,1970,5,398,265,Sold,,,http://www.redfin.com/CA/Castro-Valley/4118-Ravenwood-Pl-94546/home/1967785,EBRD/CCAR/Bay East,40763670,N,Y,37.695032,-122.061163
PAST SALE,February-17-2017,Single Family Residential,625 Pelican Ct,Livermore,CA,94551-6555,727000,4,2.0,Summerset,1650,8997,1971,16,441,,Sold,,,http://www.redfin.com/CA/Livermore/625-Pelican-Ct-94551/home/2006955,EBRD/CCAR/Bay East,40766650,N,Y,37.683479,-121.791286
PAST SALE,February-14-2017,Single Family Residential,7939 Stonehurst Ct,Pleasanton,CA,94588,1064200,4,2.0,Stoneridge Area,2004,7888,1970,19,531,,Sold,,,http://www.redfin.com/CA/Pleasanton/7939-Stonehurst-Ct-94588/home/1170889,EBRD/CCAR/Bay East,40767136,N,Y,37.684591,-121.927578
PAST SALE,February-22-2017,Condo/Co-op,200 2Nd St #504,Oakland,CA,94607,649000,1,1.0,Jack London Sq,,,2006,11,,392,Sold,,,http://www.redfin.com/CA/Oakland/200-2nd-St-94607/unit-504/home/12116145,EBRD/CCAR/Bay East,40767364,N,Y,37.794118,-122.270692
PAST SALE,February-22-2017,Single Family Residential,4569 Grafton St,Dublin,CA,94568,900000,3,2.5,Dublin Ranch,1626,4995,2013,11,554,170,Sold,,,http://www.redfin.com/CA/Dublin/4569-Grafton-St-94568/home/40628360,EBRD/CCAR/Bay East,40767367,N,Y,37.710476,-121.863153
PAST SALE,February-10-2017,Single Family Residential,3707 Fairlands Dr,Pleasanton,CA,94588,980000,4,3.0,Pleasant Meadows,2140,8058,1985,23,458,31,Sold,,,http://www.redfin.com/CA/Pleasanton/3707-Fairlands-Dr-94588/home/1189315,EBRD/CCAR/Bay East,40766801,N,Y,37.6995062,-121.8655119
PAST SALE,February-27-2017,Single Family Residential,2333 WEST St,Oakland,CA,94612-1045,630000,3,2.5,Oakland,1575,3441,1905,6,400,,Sold,,,http://www.redfin.com/CA/Oakland/2333-West-St-94612/home/1980861,EBRD/CCAR/Bay East,40766470,N,Y,37.8142206,-122.2755828
PAST SALE,February-5-2017,Condo/Co-op,3290 Maguire Way #123,Dublin,CA,94568,610275,3,2.0,The Terraces,1246,,2004,28,490,361,Sold,,,http://www.redfin.com/CA/Dublin/3290-Maguire-Way-94568/unit-123/home/1679104,EBRD/CCAR/Bay East,40767164,N,Y,37.7056045,-121.8610826
PAST SALE,February-17-2017,Condo/Co-op,20 Trestle Dr,Hayward,CA,94544,503000,3,2.0,Hayward,1475,,1991,16,341,195,Sold,,,http://www.redfin.com/CA/Hayward/20-Trestle-Dr-94544/home/1557379,EBRD/CCAR/Bay East,40767387,N,Y,37.656028,-122.089725
PAST SALE,February-22-2017,Single Family Residential,2435 Bonar St,Berkeley,CA,94702,1300000,3,2.0,Central Berkeley,1581,3219,1919,11,822,,Sold,,,http://www.redfin.com/CA/Berkeley/2435-Bonar-St-94702/home/671775,EBRD/CCAR/Bay East,40767189,N,Y,37.8621539,-122.285671
PAST SALE,February-14-2017,Single Family Residential,5247 Lenore Ave,Livermore,CA,94550,735000,3,2.0,Livermore,1475,8071,1984,19,498,,Sold,,,http://www.redfin.com/CA/Livermore/5247-Lenore-Ave-94550/home/1750714,EBRD/CCAR/Bay East,40766722,N,Y,37.692634,-121.729492
PAST SALE,February-17-2017,Townhouse,20111 W RIDGE Ct #8,CASTRO VALLEY,CA,94546,500000,2,2.5,CASTRO VALLEY,1467,,1977,16,341,445,Sold,,,http://www.redfin.com/CA/Castro-Valley/20111-W-Ridge-Ct-94546/unit-8/home/87566182,MLSListings,ML81635351,N,Y,37.6957674,-122.095344
PAST SALE,February-24-2017,Single Family Residential,1796 DAWN St,Livermore,CA,94550,755000,4,2.5,Livermore,1858,9316,1989,9,406,,Sold,,,http://www.redfin.com/CA/Livermore/1796-Dawn-St-94550/home/920110,EBRD/CCAR/Bay East,40766821,N,Y,37.6805779,-121.723257
PAST SALE,February-6-2017,Townhouse,564 Centre Ct,Alameda,CA,94502,800000,2,2.5,Harbor Bay,1738,54886,1985,27,460,535,Sold,,,http://www.redfin.com/CA/Alameda/564-Centre-Ct-94502/home/890077,EBRD/CCAR/Bay East,40767028,N,Y,37.7466885,-122.2372678
PAST SALE,February-28-2017,Single Family Residential,10736 SHELDON St,Oakland,CA,94605,565000,2,1.5,Durant,1260,4800,1951,5,448,,Sold,,,http://www.redfin.com/CA/Oakland/10736-Sheldon-St-94605/home/600264,EBRD/CCAR/Bay East,40767269,N,Y,37.745237,-122.145421
PAST SALE,February-17-2017,Townhouse,21564 Meekland Ave #2,Hayward,CA,94541,340000,2,1.5,Hayward,952,,1989,16,357,266,Sold,,,http://www.redfin.com/CA/Hayward/21564-Meekland-Ave-94541/unit-2/home/1954087,EBRD/CCAR/Bay East,40765169,N,Y,37.673585,-122.105502
PAST SALE,February-8-2017,Single Family Residential,22121 Victory Dr,HAYWARD,CA,94541,545000,3,1.0,HAYWARD,1020,10123,1943,25,534,,Sold,,,http://www.redfin.com/CA/Hayward/22121-Victory-Dr-94541/home/935440,MLSListings,ML81635711,N,Y,37.6640445,-122.1108016
PAST SALE,February-14-2017,Townhouse,4242 Fitzwilliam St,Dublin,CA,94568,611000,2,2.0,Dublin Ranch,1519,,2006,19,402,245,Sold,,,http://www.redfin.com/CA/Dublin/4242-Fitzwilliam-St-94568/home/2115332,EBRD/CCAR/Bay East,40767114,N,Y,37.706792,-121.863308
